user_id,converted_any_yes,last_touch_yes,n_touchpoints,n_conversion_events,any_yes_before_last,multiple_yes_events
10028,1,1,2,2,1,1
10045,1,1,2,1,0,0
10062,1,1,3,1,0,0
10068,1,0,5,3,1,1
10095,1,1,6,5,1,1
10120,1,1,5,2,1,1
10167,1,1,3,1,0,0
10172,1,1,2,1,0,0
10202,1,1,5,4,1,1
10255,1,1,4,2,1,1
10271,1,1,1,1,0,0
10273,1,1,1,1,0,0
10303,1,1,2,1,0,0
10306,1,1,2,2,1,1
10317,1,1,7,3,1,1
10341,1,1,3,2,1,1
10374,1,0,3,1,1,0
10378,1,1,3,3,1,1
10414,0,0,2,0,0,0
10415,1,1,4,3,1,1
10426,1,1,2,2,1,1
10442,1,1,6,4,1,1
10466,1,1,3,1,0,0
10518,1,1,4,2,1,1
10556,1,0,4,1,1,0
10566,1,1,1,1,0,0
10614,0,0,2,0,0,0
10654,1,0,10,5,1,1
10665,1,1,2,2,1,1
10668,1,0,7,3,1,1
10673,1,1,4,3,1,1
10685,1,0,6,4,1,1
10690,1,0,5,3,1,1
10698,0,0,3,0,0,0
10766,1,1,1,1,0,0
10781,0,0,2,0,0,0
10843,1,0,2,1,1,0
10919,0,0,2,0,0,0
10925,1,1,6,3,1,1
11007,0,0,1,0,0,0
11058,1,1,3,1,0,0
11107,1,1,2,1,0,0
11177,1,0,3,1,1,0
11186,1,1,2,2,1,1
11209,0,0,3,0,0,0
11233,1,1,4,2,1,1
11257,1,1,4,3,1,1
11284,0,0,4,0,0,0
11295,1,1,5,4,1,1
11365,1,1,2,1,0,0
11396,1,1,1,1,0,0
11416,1,1,7,4,1,1
11453,1,1,5,1,0,0
11503,1,0,4,1,1,0
11511,1,1,5,2,1,1
11611,1,0,4,2,1,1
11661,1,1,6,3,1,1
11686,1,1,6,3,1,1
11741,1,0,4,2,1,1
11780,1,0,6,2,1,1
11784,1,0,5,1,1,0
11790,1,1,5,3,1,1
11798,1,1,3,2,1,1
11801,1,1,4,4,1,1
11831,1,1,6,4,1,1
11835,1,0,2,1,1,0
11894,1,0,3,1,1,0
11914,1,0,4,2,1,1
11917,1,0,6,4,1,1
12077,0,0,2,0,0,0
12121,1,1,5,5,1,1
12217,1,1,4,4,1,1
12225,1,1,1,1,0,0
12248,0,0,1,0,0,0
12269,0,0,3,0,0,0
12275,1,0,8,2,1,1
12350,1,0,3,1,1,0
12397,0,0,2,0,0,0
12410,0,0,2,0,0,0
12432,0,0,2,0,0,0
12459,1,1,6,5,1,1
12509,1,1,4,3,1,1
12641,1,0,4,2,1,1
12663,1,1,4,3,1,1
12712,1,0,2,1,1,0
12731,1,1,3,2,1,1
12755,0,0,2,0,0,0
12756,0,0,3,0,0,0
12797,1,0,2,1,1,0
12806,1,0,2,1,1,0
12855,1,1,3,2,1,1
12863,1,1,3,2,1,1
12877,1,1,5,3,1,1
13004,1,1,6,6,1,1
13035,1,1,6,4,1,1
13090,1,1,4,3,1,1
13102,1,1,2,2,1,1
13116,1,0,3,1,1,0
13125,1,1,3,3,1,1
13139,0,0,2,0,0,0
13184,1,0,4,2,1,1
13186,1,0,12,1,1,0
13191,1,0,5,2,1,1
13230,1,1,5,4,1,1
13364,1,1,2,1,0,0
13399,1,1,2,1,0,0
13403,1,1,2,1,0,0
13426,1,0,5,2,1,1
13428,1,0,6,2,1,1
13438,1,1,3,3,1,1
13444,1,1,3,2,1,1
13460,1,1,1,1,0,0
13465,1,1,1,1,0,0
13471,1,1,6,5,1,1
13480,1,1,3,1,0,0
13528,1,0,4,1,1,0
13534,1,0,2,1,1,0
13558,0,0,2,0,0,0
13584,1,1,3,2,1,1
13687,1,0,3,1,1,0
13737,1,0,3,2,1,1
13771,1,1,5,2,1,1
13775,1,1,4,3,1,1
13806,1,1,3,2,1,1
13864,0,0,1,0,0,0
13872,0,0,4,0,0,0
13967,1,1,6,4,1,1
13980,1,1,1,1,0,0
14036,1,1,2,2,1,1
14049,1,1,4,2,1,1
14080,1,0,5,3,1,1
14172,0,0,1,0,0,0
14212,1,1,4,1,0,0
14377,1,0,2,1,1,0
14386,1,1,4,3,1,1
14396,1,1,3,3,1,1
14398,1,1,8,5,1,1
14476,1,1,2,1,0,0
14668,1,1,2,2,1,1
14782,1,1,3,3,1,1
14798,1,1,4,2,1,1
14916,1,1,4,3,1,1
14978,1,1,5,3,1,1
14987,1,1,1,1,0,0
15025,1,1,3,2,1,1
15052,1,1,4,2,1,1
15082,1,0,4,1,1,0
15105,1,1,2,1,0,0
15145,1,1,3,2,1,1
15152,1,0,6,4,1,1
15176,1,1,6,2,1,1
15190,1,1,4,4,1,1
15208,1,1,3,3,1,1
15233,1,0,4,2,1,1
15239,1,0,3,2,1,1
15241,0,0,3,0,0,0
15259,1,0,3,1,1,0
15277,1,1,3,1,0,0
15351,1,0,6,2,1,1
15390,0,0,4,0,0,0
15395,1,1,3,3,1,1
15418,1,1,4,1,0,0
15491,1,1,2,1,0,0
15535,1,1,4,3,1,1
15555,1,1,2,1,0,0
15578,0,0,3,0,0,0
15582,1,0,5,2,1,1
15596,1,0,6,3,1,1
15632,0,0,1,0,0,0
15640,1,1,3,2,1,1
15891,1,0,3,1,1,0
15921,1,1,4,2,1,1
15924,1,0,6,3,1,1
15937,1,1,1,1,0,0
15978,1,0,5,2,1,1
16004,1,1,4,2,1,1
16008,1,0,4,1,1,0
16062,0,0,3,0,0,0
16075,1,0,3,1,1,0
16083,1,1,4,2,1,1
16248,1,1,2,2,1,1
16255,1,0,3,1,1,0
16270,1,0,2,1,1,0
16302,1,1,2,1,0,0
16304,1,1,2,1,0,0
16311,1,1,2,1,0,0
16337,1,0,3,1,1,0
16348,1,1,4,3,1,1
16386,1,1,1,1,0,0
16416,0,0,1,0,0,0
16536,1,0,4,2,1,1
16561,0,0,3,0,0,0
16566,1,1,1,1,0,0
16621,1,1,2,1,0,0
16659,0,0,1,0,0,0
16713,1,0,4,2,1,1
16756,1,1,4,3,1,1
16758,0,0,3,0,0,0
16785,1,0,3,1,1,0
16814,1,0,3,2,1,1
16834,1,1,2,1,0,0
16863,0,0,1,0,0,0
16893,1,1,5,4,1,1
16916,1,0,5,2,1,1
16955,1,1,1,1,0,0
16979,0,0,3,0,0,0
17012,1,0,5,3,1,1
17074,1,1,4,2,1,1
17126,1,0,2,1,1,0
17133,1,1,6,2,1,1
17168,1,1,5,3,1,1
17272,1,0,3,2,1,1
17278,1,1,2,2,1,1
17287,1,0,6,1,1,0
17302,1,1,1,1,0,0
17329,1,1,4,3,1,1
17396,1,1,3,1,0,0
17415,1,1,1,1,0,0
17478,1,1,7,6,1,1
17497,1,0,2,1,1,0
17566,1,1,5,3,1,1
17598,1,0,5,1,1,0
17611,1,0,9,4,1,1
17614,1,0,6,3,1,1
17619,1,0,3,1,1,0
17634,1,0,6,1,1,0
17647,0,0,1,0,0,0
17656,1,0,4,1,1,0
17702,1,1,9,4,1,1
17708,0,0,1,0,0,0
17714,1,0,4,3,1,1
17715,1,1,4,3,1,1
17726,1,0,4,2,1,1
17727,1,1,4,2,1,1
17737,1,1,1,1,0,0
17756,0,0,1,0,0,0
17761,1,1,7,5,1,1
17769,1,1,1,1,0,0
17784,1,0,3,2,1,1
17863,1,0,4,1,1,0
17879,1,0,4,1,1,0
17981,1,1,1,1,0,0
18152,1,1,2,2,1,1
18280,1,1,2,2,1,1
18298,1,0,6,4,1,1
18301,1,0,5,2,1,1
18348,1,1,1,1,0,0
18383,1,0,4,1,1,0
18441,1,1,4,1,0,0
18443,0,0,1,0,0,0
18444,1,1,1,1,0,0
18448,1,1,2,1,0,0
18490,0,0,1,0,0,0
18492,1,1,4,2,1,1
18503,1,1,3,2,1,1
18565,1,1,2,2,1,1
18572,1,0,3,1,1,0
18582,1,0,4,1,1,0
18587,1,0,4,1,1,0
18589,1,1,2,1,0,0
18618,1,0,2,1,1,0
18622,0,0,3,0,0,0
18699,1,1,2,2,1,1
18845,1,1,2,1,0,0
18871,1,1,1,1,0,0
18955,1,0,5,2,1,1
18981,1,1,2,1,0,0
18995,0,0,2,0,0,0
19049,0,0,2,0,0,0
19097,1,0,5,3,1,1
19180,1,0,5,2,1,1
19184,1,0,5,2,1,1
19262,1,0,3,1,1,0
19328,1,1,2,2,1,1
19350,1,1,3,2,1,1
19364,1,0,4,2,1,1
19372,1,0,2,1,1,0
19385,1,1,5,4,1,1
19388,1,1,4,4,1,1
19400,1,0,5,4,1,1
19442,0,0,2,0,0,0
19444,1,1,4,2,1,1
19454,1,1,5,3,1,1
19507,1,1,4,4,1,1
19517,1,1,3,1,0,0
19644,1,0,5,2,1,1
19651,1,1,2,2,1,1
19679,1,1,2,2,1,1
19754,1,1,4,1,0,0
19759,1,1,4,3,1,1
19792,1,0,3,1,1,0
19800,1,1,2,1,0,0
19816,0,0,5,0,0,0
19967,1,0,5,2,1,1
19971,1,0,3,2,1,1
20021,0,0,2,0,0,0
20098,0,0,2,0,0,0
20111,1,1,6,1,0,0
20124,0,0,3,0,0,0
20300,1,1,4,3,1,1
20306,1,0,3,2,1,1
20384,0,0,1,0,0,0
20400,1,0,3,1,1,0
20460,0,0,1,0,0,0
20507,1,1,3,3,1,1
20510,1,1,3,1,0,0
20513,1,1,5,2,1,1
20524,1,1,7,4,1,1
20594,1,1,2,1,0,0
20632,1,1,2,2,1,1
20685,1,0,2,1,1,0
20743,1,1,5,2,1,1
20826,1,0,2,1,1,0
20853,1,0,7,3,1,1
20895,1,1,6,3,1,1
20916,1,0,6,4,1,1
20985,1,1,2,1,0,0
20990,1,0,2,1,1,0
20999,1,1,2,2,1,1
21001,0,0,2,0,0,0
21017,1,1,1,1,0,0
21038,1,1,4,2,1,1
21116,0,0,2,0,0,0
21177,0,0,3,0,0,0
21212,1,1,3,1,0,0
21255,1,1,6,5,1,1
21314,1,1,1,1,0,0
21343,1,0,4,1,1,0
21401,0,0,3,0,0,0
21445,1,1,3,3,1,1
21484,0,0,4,0,0,0
21504,1,1,6,4,1,1
21531,0,0,1,0,0,0
21537,1,0,4,1,1,0
21550,1,0,2,1,1,0
21567,1,1,1,1,0,0
21584,0,0,2,0,0,0
21595,1,1,4,2,1,1
21596,1,1,3,3,1,1
21628,0,0,5,0,0,0
21644,1,1,2,2,1,1
21667,1,0,3,1,1,0
21668,1,1,4,3,1,1
21690,1,0,6,2,1,1
21704,1,0,3,2,1,1
21712,1,1,5,3,1,1
21713,0,0,1,0,0,0
21755,0,0,2,0,0,0
21757,1,1,3,3,1,1
21787,1,0,3,2,1,1
21788,1,1,3,2,1,1
21815,1,1,1,1,0,0
21824,1,1,4,2,1,1
21910,1,1,7,5,1,1
21944,1,1,1,1,0,0
21995,1,0,2,1,1,0
22011,1,0,2,1,1,0
22118,0,0,2,0,0,0
22127,0,0,1,0,0,0
22192,1,1,2,1,0,0
22270,1,1,6,3,1,1
22280,1,1,2,2,1,1
22343,0,0,3,0,0,0
22358,1,0,6,3,1,1
22385,1,0,4,1,1,0
22387,1,0,2,1,1,0
22407,1,1,5,2,1,1
22475,0,0,2,0,0,0
22516,0,0,3,0,0,0
22553,0,0,1,0,0,0
22669,0,0,2,0,0,0
22673,1,1,2,2,1,1
22684,1,0,3,2,1,1
22723,1,1,2,2,1,1
22725,1,0,3,1,1,0
22741,0,0,5,0,0,0
22743,1,0,4,1,1,0
22755,1,0,3,1,1,0
22773,1,0,5,3,1,1
22811,1,1,3,3,1,1
22861,1,1,6,5,1,1
22863,1,0,5,4,1,1
22917,1,1,6,3,1,1
22921,1,0,4,3,1,1
22923,1,1,5,4,1,1
22931,1,1,4,2,1,1
22943,1,0,6,3,1,1
22992,1,1,2,2,1,1
23018,1,1,4,2,1,1
23031,1,1,1,1,0,0
23202,1,0,5,2,1,1
23206,1,0,3,1,1,0
23209,1,1,5,4,1,1
23216,1,0,4,2,1,1
23233,1,0,4,2,1,1
23279,1,1,3,1,0,0
23331,1,0,4,2,1,1
23332,0,0,3,0,0,0
23362,0,0,2,0,0,0
23415,1,1,2,1,0,0
23449,1,0,5,1,1,0
23463,1,1,4,3,1,1
23482,1,1,3,2,1,1
23486,1,1,4,4,1,1
23497,0,0,3,0,0,0
23567,1,0,2,1,1,0
23589,1,1,2,1,0,0
23599,1,1,2,1,0,0
23621,1,1,5,4,1,1
23671,1,0,4,1,1,0
23733,1,1,4,1,0,0
23747,1,1,2,2,1,1
23781,1,1,3,3,1,1
23799,1,0,4,2,1,1
23839,0,0,2,0,0,0
23863,1,0,3,1,1,0
23927,1,0,5,2,1,1
23958,1,1,5,2,1,1
23968,1,0,3,1,1,0
24012,1,1,3,2,1,1
24014,1,1,3,1,0,0
24025,1,1,5,4,1,1
24114,1,0,3,2,1,1
24161,1,0,5,1,1,0
24212,1,1,5,3,1,1
24215,1,0,5,2,1,1
24221,1,1,4,2,1,1
24239,0,0,1,0,0,0
24251,1,1,6,1,0,0
24256,1,1,7,3,1,1
24369,0,0,1,0,0,0
24413,1,1,2,2,1,1
24433,1,1,2,1,0,0
24452,1,1,3,1,0,0
24508,1,0,2,1,1,0
24526,1,1,2,1,0,0
24568,1,0,3,1,1,0
24576,1,0,3,1,1,0
24581,1,0,2,1,1,0
24594,1,0,4,1,1,0
24620,1,1,2,2,1,1
24634,1,0,3,1,1,0
24734,1,1,3,2,1,1
24741,1,1,4,4,1,1
24761,1,1,2,2,1,1
24765,1,0,3,1,1,0
24771,1,1,5,4,1,1
24810,1,1,5,3,1,1
24833,1,1,1,1,0,0
24845,1,0,3,1,1,0
24876,1,1,7,4,1,1
24914,1,1,3,2,1,1
24956,1,0,7,4,1,1
25019,1,1,3,1,0,0
25085,1,0,4,2,1,1
25104,1,0,4,2,1,1
25105,1,0,3,2,1,1
25124,0,0,2,0,0,0
25134,1,0,5,2,1,1
25147,1,0,7,3,1,1
25150,0,0,1,0,0,0
25170,1,0,5,2,1,1
25172,1,0,5,2,1,1
25195,1,0,5,1,1,0
25229,1,0,4,1,1,0
25246,1,0,2,1,1,0
25254,1,0,4,3,1,1
25284,1,0,3,1,1,0
25290,1,1,1,1,0,0
25294,1,1,4,2,1,1
25303,0,0,2,0,0,0
25362,1,1,3,2,1,1
25369,1,1,3,1,0,0
25377,1,0,5,2,1,1
25403,1,1,2,1,0,0
25441,1,1,6,3,1,1
25468,0,0,2,0,0,0
25524,1,1,4,2,1,1
25539,0,0,2,0,0,0
25544,1,1,5,3,1,1
25547,1,1,6,2,1,1
25615,1,1,5,2,1,1
25617,1,1,1,1,0,0
25628,1,1,1,1,0,0
25633,1,0,3,1,1,0
25644,1,1,1,1,0,0
25687,1,1,1,1,0,0
25725,1,1,4,3,1,1
25765,1,0,3,2,1,1
25787,1,0,3,1,1,0
25790,1,1,5,3,1,1
25810,1,1,1,1,0,0
25845,1,0,4,3,1,1
25874,1,1,4,3,1,1
25901,1,1,3,1,0,0
25915,1,0,4,2,1,1
25952,1,1,4,2,1,1
25959,1,0,4,2,1,1
25978,1,0,3,2,1,1
26021,0,0,3,0,0,0
26085,1,1,2,1,0,0
26097,1,1,4,4,1,1
26109,1,1,6,3,1,1
26185,1,0,4,3,1,1
26189,1,0,5,3,1,1
26253,1,1,3,3,1,1
26291,1,0,3,1,1,0
26328,1,1,4,2,1,1
26384,0,0,2,0,0,0
26401,1,1,3,2,1,1
26430,1,1,6,3,1,1
26437,1,0,3,1,1,0
26511,1,1,9,6,1,1
26521,1,1,1,1,0,0
26537,1,1,2,1,0,0
26541,1,1,3,2,1,1
26582,1,1,4,2,1,1
26601,1,1,3,1,0,0
26622,1,1,6,3,1,1
26644,1,1,4,2,1,1
26648,1,1,4,3,1,1
26664,1,1,3,2,1,1
26670,1,1,2,2,1,1
26693,1,1,6,4,1,1
26727,1,0,5,1,1,0
26754,1,1,6,5,1,1
26763,1,1,4,2,1,1
26770,0,0,1,0,0,0
26783,1,0,5,1,1,0
26824,0,0,1,0,0,0
26827,0,0,3,0,0,0
26918,1,0,4,2,1,1
26927,1,1,3,3,1,1
27023,1,0,5,2,1,1
27048,1,0,5,3,1,1
27079,1,0,3,2,1,1
27106,1,0,2,1,1,0
27166,0,0,1,0,0,0
27167,1,1,4,3,1,1
27306,1,0,2,1,1,0
27344,0,0,2,0,0,0
27347,1,1,3,2,1,1
27371,1,0,6,3,1,1
27437,1,0,5,1,1,0
27438,1,1,3,3,1,1
27452,1,1,2,2,1,1
27463,1,1,3,1,0,0
27470,1,1,7,6,1,1
27480,1,0,2,1,1,0
27505,1,0,2,1,1,0
27506,1,0,3,1,1,0
27513,1,0,5,1,1,0
27541,1,0,2,1,1,0
27548,1,1,4,1,0,0
27556,1,1,5,4,1,1
27571,1,1,5,3,1,1
27589,1,0,5,3,1,1
27666,1,0,3,1,1,0
27700,0,0,2,0,0,0
27726,0,0,2,0,0,0
27730,0,0,1,0,0,0
27735,1,1,1,1,0,0
27767,1,1,3,2,1,1
27774,1,1,3,2,1,1
27778,1,0,6,3,1,1
27814,1,0,4,1,1,0
27925,1,1,4,2,1,1
27942,1,1,5,3,1,1
27944,1,0,3,1,1,0
27971,1,1,1,1,0,0
28047,1,1,2,1,0,0
28134,1,1,3,2,1,1
28144,1,0,5,1,1,0
28171,1,0,3,1,1,0
28194,1,0,3,1,1,0
28246,1,0,2,1,1,0
28265,1,1,9,7,1,1
28268,1,1,4,4,1,1
28289,1,1,3,2,1,1
28295,0,0,3,0,0,0
28297,0,0,4,0,0,0
28385,1,0,8,5,1,1
28387,1,1,3,2,1,1
28400,1,1,2,2,1,1
28413,0,0,1,0,0,0
28459,1,1,4,2,1,1
28481,1,1,4,4,1,1
28505,1,1,1,1,0,0
28511,1,1,5,2,1,1
28524,1,1,2,1,0,0
28556,0,0,2,0,0,0
28567,1,0,4,1,1,0
28587,1,1,3,2,1,1
28589,1,1,5,4,1,1
28594,1,1,1,1,0,0
28623,1,1,5,4,1,1
28721,0,0,3,0,0,0
28729,1,1,3,2,1,1
28751,0,0,2,0,0,0
28848,0,0,2,0,0,0
28870,1,1,3,2,1,1
28912,1,1,4,2,1,1
28918,1,0,4,1,1,0
28919,0,0,4,0,0,0
28948,1,0,3,1,1,0
28965,0,0,1,0,0,0
28985,1,1,6,5,1,1
28998,1,0,4,2,1,1
29015,1,1,4,3,1,1
29031,1,0,4,1,1,0
29096,1,1,1,1,0,0
29109,1,1,5,3,1,1
29113,1,0,4,1,1,0
29114,0,0,2,0,0,0
29149,1,0,3,1,1,0
29164,1,1,4,3,1,1
29196,1,1,3,1,0,0
29206,1,1,5,2,1,1
29238,1,0,6,2,1,1
29261,0,0,1,0,0,0
29272,1,0,4,1,1,0
29328,0,0,1,0,0,0
29368,1,0,4,3,1,1
29395,1,0,4,3,1,1
29440,1,0,5,2,1,1
29461,1,0,5,1,1,0
29505,1,1,3,2,1,1
29648,1,0,3,1,1,0
29664,1,1,2,1,0,0
29679,1,0,2,1,1,0
29709,1,0,4,3,1,1
29719,1,0,5,1,1,0
29734,1,1,4,2,1,1
29773,1,0,3,2,1,1
29785,1,1,4,2,1,1
29800,1,1,2,1,0,0
29809,1,1,10,5,1,1
29834,1,1,2,2,1,1
29837,1,0,6,2,1,1
29844,0,0,4,0,0,0
29877,1,1,7,3,1,1
29914,1,1,6,4,1,1
30026,1,0,3,2,1,1
30087,0,0,4,0,0,0
30136,0,0,4,0,0,0
30141,1,1,1,1,0,0
30155,1,1,6,4,1,1
30274,1,1,5,3,1,1
30280,1,1,2,1,0,0
30299,1,1,7,3,1,1
30339,1,1,3,1,0,0
30380,1,0,4,3,1,1
30419,0,0,1,0,0,0
30429,1,0,4,1,1,0
30443,0,0,1,0,0,0
30446,1,0,3,1,1,0
30447,1,1,3,1,0,0
30460,1,1,7,4,1,1
30468,1,1,5,1,0,0
30521,1,0,4,3,1,1
30544,1,1,1,1,0,0
30578,1,0,8,6,1,1
30582,1,0,4,2,1,1
30588,1,0,3,2,1,1
30607,1,0,4,2,1,1
30628,1,1,1,1,0,0
30651,1,0,4,1,1,0
30664,1,1,5,3,1,1
30675,1,1,6,6,1,1
30694,0,0,2,0,0,0
30820,1,1,5,2,1,1
30842,1,1,3,3,1,1
30845,1,1,5,3,1,1
30888,1,1,3,2,1,1
30895,1,1,3,1,0,0
30910,1,0,4,2,1,1
30955,1,1,3,2,1,1
30977,1,1,3,1,0,0
30987,1,1,1,1,0,0
30989,1,0,4,3,1,1
31012,1,1,4,2,1,1
31021,1,0,5,4,1,1
31070,1,0,4,1,1,0
31126,1,1,4,2,1,1
31133,1,1,4,3,1,1
31134,1,0,6,2,1,1
31158,0,0,1,0,0,0
31185,1,0,3,1,1,0
31190,0,0,2,0,0,0
31200,1,1,3,3,1,1
31210,0,0,3,0,0,0
31213,1,1,7,5,1,1
31219,1,1,2,1,0,0
31273,1,1,5,2,1,1
31275,1,0,2,1,1,0
31278,1,0,4,3,1,1
31285,1,1,1,1,0,0
31308,1,0,4,1,1,0
31324,1,0,2,1,1,0
31340,1,1,6,2,1,1
31439,0,0,1,0,0,0
31581,1,0,4,1,1,0
31631,0,0,1,0,0,0
31643,1,1,4,3,1,1
31658,0,0,1,0,0,0
31679,1,0,8,5,1,1
31680,0,0,2,0,0,0
31703,1,0,5,1,1,0
31723,1,0,7,4,1,1
31763,0,0,4,0,0,0
31833,1,1,3,3,1,1
31868,0,0,1,0,0,0
31889,0,0,3,0,0,0
31901,1,1,4,1,0,0
31937,1,0,4,1,1,0
32052,1,1,2,2,1,1
32120,1,0,3,1,1,0
32160,0,0,4,0,0,0
32299,1,1,4,1,0,0
32344,1,0,5,3,1,1
32377,0,0,1,0,0,0
32391,1,0,5,1,1,0
32402,1,0,5,2,1,1
32424,1,0,3,1,1,0
32477,1,0,6,2,1,1
32550,1,1,3,2,1,1
32562,1,0,4,1,1,0
32651,1,0,4,2,1,1
32663,0,0,3,0,0,0
32685,0,0,2,0,0,0
32692,1,1,6,3,1,1
32709,1,1,3,3,1,1
32739,1,1,3,2,1,1
32828,1,1,4,1,0,0
32839,1,0,9,2,1,1
32877,1,1,4,1,0,0
32882,1,0,6,4,1,1
32883,1,0,3,1,1,0
32897,1,1,4,4,1,1
32900,1,1,3,2,1,1
32914,1,0,4,1,1,0
32954,0,0,3,0,0,0
33019,1,0,3,1,1,0
33074,0,0,2,0,0,0
33077,1,1,4,3,1,1
33106,1,0,3,2,1,1
33189,1,0,4,1,1,0
33190,1,1,2,1,0,0
33255,1,0,6,2,1,1
33292,1,0,5,1,1,0
33336,1,0,2,1,1,0
33345,1,0,5,2,1,1
33367,1,1,3,2,1,1
33377,0,0,2,0,0,0
33382,0,0,5,0,0,0
33392,1,0,5,3,1,1
33400,0,0,2,0,0,0
33421,1,1,2,2,1,1
33497,1,0,7,2,1,1
33499,1,0,7,4,1,1
33517,0,0,1,0,0,0
33537,0,0,1,0,0,0
33545,1,1,2,2,1,1
33578,1,1,6,2,1,1
33593,1,1,2,2,1,1
33601,0,0,5,0,0,0
33822,1,0,5,3,1,1
33843,1,1,5,3,1,1
33960,1,0,6,2,1,1
33974,1,0,2,1,1,0
33975,1,1,2,2,1,1
33979,1,1,3,1,0,0
33991,1,1,5,5,1,1
33999,1,1,5,3,1,1
34007,1,1,3,1,0,0
34056,1,1,1,1,0,0
34073,1,0,7,3,1,1
34080,1,1,2,2,1,1
34087,1,1,2,2,1,1
34094,1,0,3,1,1,0
34143,1,1,2,2,1,1
34192,1,1,4,3,1,1
34218,0,0,1,0,0,0
34263,1,1,4,2,1,1
34300,1,1,4,4,1,1
34310,1,1,5,2,1,1
34372,1,0,4,2,1,1
34390,0,0,2,0,0,0
34395,0,0,4,0,0,0
34498,1,1,9,6,1,1
34551,1,0,3,1,1,0
34573,1,0,4,3,1,1
34587,1,0,3,2,1,1
34608,1,1,6,4,1,1
34641,1,1,1,1,0,0
34649,1,0,4,2,1,1
34653,1,1,3,2,1,1
34672,0,0,1,0,0,0
34693,1,0,3,2,1,1
34708,1,0,6,3,1,1
34737,1,1,2,1,0,0
34780,0,0,3,0,0,0
34833,1,1,3,2,1,1
34935,1,0,5,2,1,1
34937,0,0,1,0,0,0
34938,1,1,1,1,0,0
34943,1,1,3,2,1,1
35006,1,0,3,1,1,0
35107,1,1,2,2,1,1
35129,1,0,3,1,1,0
35199,1,0,2,1,1,0
35212,1,1,2,2,1,1
35216,1,0,4,2,1,1
35227,1,0,2,1,1,0
35230,0,0,3,0,0,0
35247,1,0,3,1,1,0
35296,1,0,3,1,1,0
35324,1,0,5,3,1,1
35337,1,1,6,3,1,1
35409,1,0,4,2,1,1
35436,1,0,3,1,1,0
35456,1,0,3,1,1,0
35598,1,1,3,3,1,1
35619,0,0,2,0,0,0
35626,1,1,1,1,0,0
35661,0,0,4,0,0,0
35664,1,0,5,3,1,1
35668,0,0,2,0,0,0
35705,0,0,2,0,0,0
35726,0,0,3,0,0,0
35728,1,1,1,1,0,0
35756,1,1,6,3,1,1
35789,1,0,5,3,1,1
35824,0,0,4,0,0,0
35830,1,0,3,1,1,0
35837,1,0,5,1,1,0
35873,1,0,3,2,1,1
35886,0,0,1,0,0,0
35887,1,1,6,3,1,1
35923,1,1,2,1,0,0
35942,1,0,7,4,1,1
35961,1,1,4,1,0,0
35980,1,1,4,3,1,1
36005,1,1,2,1,0,0
36044,0,0,2,0,0,0
36074,0,0,1,0,0,0
36097,1,1,6,3,1,1
36115,1,0,4,2,1,1
36126,1,0,3,1,1,0
36130,1,1,2,2,1,1
36135,1,1,7,5,1,1
36148,1,1,2,2,1,1
36175,1,0,5,1,1,0
36179,1,1,1,1,0,0
36215,1,1,3,1,0,0
36308,1,0,2,1,1,0
36311,0,0,2,0,0,0
36355,1,0,2,1,1,0
36375,1,1,5,4,1,1
36377,1,0,4,1,1,0
36393,1,1,5,4,1,1
36427,1,0,5,3,1,1
36457,1,1,7,3,1,1
36500,1,1,1,1,0,0
36625,1,1,3,2,1,1
36676,1,1,6,5,1,1
36681,1,1,3,2,1,1
36717,0,0,2,0,0,0
36731,1,0,3,2,1,1
36822,1,1,1,1,0,0
36840,1,0,2,1,1,0
36858,1,1,2,1,0,0
36918,1,0,4,2,1,1
36947,0,0,2,0,0,0
37002,1,1,5,3,1,1
37007,1,1,2,1,0,0
37051,1,1,2,1,0,0
37055,1,1,5,3,1,1
37078,1,1,7,4,1,1
37121,1,1,4,3,1,1
37122,1,1,1,1,0,0
37162,1,0,3,2,1,1
37186,1,0,3,1,1,0
37270,1,1,3,3,1,1
37332,1,0,11,5,1,1
37365,1,1,5,2,1,1
37380,1,1,4,2,1,1
37382,1,1,3,3,1,1
37386,1,1,6,6,1,1
37474,1,1,3,2,1,1
37554,1,0,5,3,1,1
37559,1,0,5,2,1,1
37591,1,1,4,2,1,1
37610,0,0,1,0,0,0
37621,1,1,3,2,1,1
37622,1,1,6,4,1,1
37648,1,1,3,2,1,1
37659,1,1,4,2,1,1
37703,1,1,3,3,1,1
37708,1,1,4,3,1,1
37722,1,1,4,3,1,1
37786,1,0,5,2,1,1
37813,1,1,1,1,0,0
37856,1,0,3,1,1,0
37902,1,1,3,3,1,1
37903,1,0,6,1,1,0
37916,1,1,3,2,1,1
38043,0,0,2,0,0,0
38046,1,0,4,1,1,0
38099,1,1,2,2,1,1
38173,1,1,2,2,1,1
38175,1,1,6,4,1,1
38226,1,1,2,2,1,1
38252,1,0,7,2,1,1
38286,1,1,5,2,1,1
38349,1,0,3,2,1,1
38379,1,1,1,1,0,0
38392,1,0,2,1,1,0
38457,1,1,4,2,1,1
38468,0,0,3,0,0,0
38481,1,1,1,1,0,0
38483,1,0,2,1,1,0
38485,1,1,5,4,1,1
38491,1,1,6,3,1,1
38504,1,1,3,3,1,1
38578,0,0,2,0,0,0
38677,1,1,1,1,0,0
38683,1,0,8,2,1,1
38775,0,0,1,0,0,0
38822,1,0,6,3,1,1
38857,1,0,5,3,1,1
38867,1,1,3,2,1,1
38973,0,0,1,0,0,0
39004,1,1,3,3,1,1
39049,0,0,2,0,0,0
39056,1,1,6,4,1,1
39101,1,1,6,2,1,1
39128,1,1,4,3,1,1
39131,1,0,3,1,1,0
39144,1,1,3,2,1,1
39158,1,0,4,2,1,1
39185,1,0,2,1,1,0
39251,1,1,3,1,0,0
39277,1,0,2,1,1,0
39287,1,0,2,1,1,0
39321,1,0,5,1,1,0
39351,1,1,2,2,1,1
39364,1,1,4,2,1,1
39379,1,0,3,1,1,0
39400,0,0,7,0,0,0
39417,1,0,2,1,1,0
39460,1,1,4,3,1,1
39559,1,1,5,3,1,1
39572,0,0,3,0,0,0
39588,1,0,5,2,1,1
39628,1,1,5,3,1,1
39696,1,0,3,2,1,1
39702,1,0,4,3,1,1
39713,1,1,1,1,0,0
39761,1,1,2,1,0,0
39770,1,1,4,3,1,1
39795,1,0,6,3,1,1
39876,1,1,3,2,1,1
39956,0,0,1,0,0,0
39994,1,0,4,2,1,1
40011,1,0,5,2,1,1
40090,1,1,4,3,1,1
40098,0,0,1,0,0,0
40114,1,1,2,1,0,0
40130,1,1,5,2,1,1
40133,1,1,4,2,1,1
40164,1,1,5,4,1,1
40211,1,1,2,1,0,0
40227,1,1,4,2,1,1
40264,1,1,1,1,0,0
40350,1,0,5,1,1,0
40362,1,1,2,2,1,1
40368,1,1,5,3,1,1
40381,0,0,2,0,0,0
40517,1,1,9,5,1,1
40530,1,0,6,3,1,1
40531,0,0,1,0,0,0
40597,1,1,5,3,1,1
40666,1,1,3,2,1,1
40739,1,1,1,1,0,0
40804,1,1,1,1,0,0
40808,1,1,3,3,1,1
40880,1,1,2,1,0,0
40937,1,1,5,3,1,1
40950,0,0,1,0,0,0
40965,1,1,5,2,1,1
40968,1,1,4,3,1,1
41004,1,1,2,2,1,1
41049,1,1,2,2,1,1
41062,1,0,2,1,1,0
41115,1,0,3,1,1,0
41146,1,0,3,1,1,0
41148,1,0,2,1,1,0
41174,1,1,1,1,0,0
41221,0,0,2,0,0,0
41312,1,0,3,2,1,1
41356,1,0,3,1,1,0
41377,1,1,5,4,1,1
41382,1,1,3,3,1,1
41389,0,0,1,0,0,0
41411,1,1,5,2,1,1
41422,1,1,2,2,1,1
41454,1,1,4,2,1,1
41463,1,1,3,3,1,1
41490,1,0,2,1,1,0
41563,1,0,5,2,1,1
41573,1,1,3,3,1,1
41588,0,0,1,0,0,0
41612,1,0,6,2,1,1
41638,1,0,3,1,1,0
41641,1,0,7,3,1,1
41665,0,0,1,0,0,0
41667,1,0,3,2,1,1
41755,0,0,2,0,0,0
41848,0,0,1,0,0,0
41850,1,1,2,2,1,1
41874,1,0,6,3,1,1
41901,1,1,3,1,0,0
41935,1,1,3,1,0,0
41941,1,1,8,4,1,1
41956,1,1,3,3,1,1
41962,1,1,2,2,1,1
41964,1,1,5,3,1,1
41969,0,0,3,0,0,0
42006,1,1,2,1,0,0
42012,0,0,2,0,0,0
42014,0,0,2,0,0,0
42016,1,1,1,1,0,0
42030,1,1,4,2,1,1
42079,0,0,1,0,0,0
42285,1,0,5,2,1,1
42325,1,1,3,2,1,1
42353,1,0,2,1,1,0
42360,1,1,5,4,1,1
42399,0,0,1,0,0,0
42429,0,0,1,0,0,0
42457,0,0,3,0,0,0
42501,1,0,5,2,1,1
42580,1,1,2,1,0,0
42610,1,0,5,2,1,1
42671,1,0,3,2,1,1
42734,1,1,3,2,1,1
42761,1,1,1,1,0,0
42776,1,1,2,2,1,1
42806,1,0,2,1,1,0
42809,1,0,5,1,1,0
42818,1,0,5,3,1,1
42824,1,0,4,2,1,1
42905,1,0,5,2,1,1
42914,1,1,3,3,1,1
42970,1,0,9,3,1,1
42978,1,1,2,2,1,1
43014,1,1,7,6,1,1
43033,1,0,2,1,1,0
43036,1,0,5,3,1,1
43052,1,1,3,1,0,0
43065,1,1,7,3,1,1
43094,1,1,3,1,0,0
43175,1,1,4,3,1,1
43178,1,1,3,2,1,1
43218,1,1,1,1,0,0
43298,1,1,2,2,1,1
43333,1,1,1,1,0,0
43340,1,1,1,1,0,0
43361,1,1,2,1,0,0
43373,1,0,2,1,1,0
43398,1,0,5,2,1,1
43411,1,1,2,2,1,1
43460,0,0,2,0,0,0
43467,0,0,1,0,0,0
43521,0,0,1,0,0,0
43531,0,0,3,0,0,0
43603,1,0,5,1,1,0
43623,1,1,3,2,1,1
43692,0,0,4,0,0,0
43721,1,0,6,4,1,1
43759,1,0,4,1,1,0
43767,1,1,5,3,1,1
43783,0,0,1,0,0,0
43787,1,1,3,2,1,1
43847,1,0,2,1,1,0
43877,0,0,2,0,0,0
43883,1,1,4,4,1,1
43930,1,1,4,3,1,1
43931,1,1,5,5,1,1
44026,1,1,5,5,1,1
44038,1,0,6,2,1,1
44062,1,1,5,4,1,1
44099,1,1,1,1,0,0
44167,1,1,2,2,1,1
44261,1,1,3,2,1,1
44272,1,1,4,3,1,1
44288,0,0,2,0,0,0
44295,1,1,3,2,1,1
44303,1,1,4,4,1,1
44309,0,0,1,0,0,0
44393,1,1,4,2,1,1
44397,1,0,5,2,1,1
44400,1,1,4,4,1,1
44474,1,1,3,1,0,0
44484,1,1,2,1,0,0
44498,1,0,2,1,1,0
44528,1,1,4,2,1,1
44535,1,1,4,1,0,0
44675,1,1,5,4,1,1
44719,1,1,1,1,0,0
44752,0,0,1,0,0,0
44778,1,1,2,1,0,0
44827,1,1,6,4,1,1
44833,1,1,2,2,1,1
44859,1,0,4,1,1,0
44869,1,0,3,1,1,0
44877,1,0,2,1,1,0
44882,1,0,4,1,1,0
44982,1,0,5,4,1,1
44987,1,0,2,1,1,0
44991,1,0,2,1,1,0
44994,1,0,4,3,1,1
45053,1,0,3,1,1,0
45058,1,0,4,2,1,1
45148,0,0,2,0,0,0
45183,1,1,1,1,0,0
45192,0,0,1,0,0,0
45202,1,0,2,1,1,0
45208,1,1,2,2,1,1
45218,1,0,5,2,1,1
45297,0,0,2,0,0,0
45310,1,0,3,1,1,0
45315,1,1,4,3,1,1
45340,1,1,7,4,1,1
45368,0,0,2,0,0,0
45415,1,1,6,3,1,1
45426,0,0,1,0,0,0
45476,1,0,6,4,1,1
45477,0,0,1,0,0,0
45564,1,1,4,4,1,1
45571,1,0,4,1,1,0
45575,1,0,3,2,1,1
45608,1,1,1,1,0,0
45622,1,1,4,3,1,1
45652,1,0,5,1,1,0
45681,1,1,4,2,1,1
45750,1,0,3,2,1,1
45758,1,1,2,2,1,1
45796,1,1,2,2,1,1
45812,1,1,5,3,1,1
45832,1,0,4,2,1,1
45845,1,1,3,2,1,1
45866,1,1,3,1,0,0
45892,1,1,4,1,0,0
45927,1,0,4,2,1,1
45959,1,0,4,2,1,1
45964,1,1,5,3,1,1
45981,1,0,5,1,1,0
46014,0,0,3,0,0,0
46050,1,0,4,3,1,1
46055,1,1,4,2,1,1
46058,0,0,2,0,0,0
46070,1,1,2,1,0,0
46179,1,0,4,1,1,0
46180,1,1,1,1,0,0
46210,1,1,1,1,0,0
46221,1,0,8,3,1,1
46268,1,1,1,1,0,0
46321,0,0,1,0,0,0
46334,1,1,4,1,0,0
46342,1,1,3,2,1,1
46364,1,1,2,2,1,1
46373,1,0,4,2,1,1
46428,0,0,1,0,0,0
46438,0,0,1,0,0,0
46442,1,1,7,3,1,1
46487,1,0,3,2,1,1
46491,1,1,5,3,1,1
46506,1,0,3,2,1,1
46555,1,1,3,3,1,1
46592,1,0,5,3,1,1
46598,1,1,3,2,1,1
46618,1,0,2,1,1,0
46658,1,1,2,2,1,1
46662,1,0,6,4,1,1
46667,1,0,6,4,1,1
46738,1,1,2,2,1,1
46768,1,1,2,2,1,1
46827,1,0,2,1,1,0
46862,1,1,1,1,0,0
46911,1,0,4,2,1,1
46918,1,0,6,3,1,1
46924,1,0,2,1,1,0
46954,1,0,6,3,1,1
46977,1,1,4,2,1,1
46988,1,0,11,4,1,1
47060,1,1,2,2,1,1
47085,1,1,2,2,1,1
47094,1,0,2,1,1,0
47151,1,1,5,2,1,1
47152,1,0,3,1,1,0
47174,1,1,5,1,0,0
47202,1,1,5,1,0,0
47206,0,0,1,0,0,0
47236,0,0,2,0,0,0
47302,1,0,5,4,1,1
47339,1,0,4,3,1,1
47391,1,1,5,3,1,1
47452,0,0,4,0,0,0
47473,1,0,2,1,1,0
47509,1,1,8,5,1,1
47511,1,1,3,1,0,0
47566,1,1,2,1,0,0
47595,1,0,4,2,1,1
47631,1,1,2,2,1,1
47675,1,1,2,2,1,1
47695,0,0,2,0,0,0
47709,0,0,2,0,0,0
47735,1,1,8,6,1,1
47740,1,0,8,6,1,1
47775,1,1,4,1,0,0
47781,1,1,2,2,1,1
47785,1,1,2,1,0,0
47795,1,0,4,1,1,0
47829,1,1,3,3,1,1
47957,1,0,4,2,1,1
48080,0,0,3,0,0,0
48088,0,0,1,0,0,0
48089,1,0,6,3,1,1
48097,0,0,1,0,0,0
48099,1,0,11,6,1,1
48115,1,0,4,3,1,1
48237,1,1,4,2,1,1
48298,1,1,4,3,1,1
48324,1,1,1,1,0,0
48330,1,1,5,5,1,1
48404,1,0,6,3,1,1
48493,1,0,3,1,1,0
48574,1,0,3,1,1,0
48639,1,1,5,2,1,1
48649,1,0,4,1,1,0
48654,0,0,3,0,0,0
48700,0,0,2,0,0,0
48706,0,0,2,0,0,0
48732,1,0,4,2,1,1
48740,1,0,3,1,1,0
48753,1,0,5,2,1,1
48850,1,0,5,2,1,1
48867,1,0,6,3,1,1
48902,0,0,2,0,0,0
48949,1,0,3,1,1,0
48990,1,0,7,4,1,1
49007,0,0,1,0,0,0
49053,1,1,3,3,1,1
49073,1,1,4,1,0,0
49128,1,1,5,3,1,1
49207,1,1,3,1,0,0
49220,1,0,3,1,1,0
49243,1,1,6,4,1,1
49271,1,1,2,1,0,0
49293,1,0,2,1,1,0
49297,1,0,6,3,1,1
49366,1,0,3,1,1,0
49375,1,1,2,2,1,1
49394,1,1,4,4,1,1
49456,1,0,4,1,1,0
49478,1,0,3,1,1,0
49518,0,0,1,0,0,0
49524,0,0,2,0,0,0
49529,1,1,4,3,1,1
49647,1,0,6,3,1,1
49655,1,0,4,2,1,1
49661,1,1,1,1,0,0
49665,1,1,3,1,0,0
49673,1,1,6,3,1,1
49735,1,1,4,1,0,0
49743,1,1,1,1,0,0
49789,1,1,7,4,1,1
49847,1,0,4,1,1,0
49913,1,0,4,2,1,1
49967,1,1,2,2,1,1
49985,0,0,3,0,0,0
49991,1,1,4,4,1,1
50166,1,1,4,3,1,1
50176,1,1,1,1,0,0
50216,1,0,3,1,1,0
50250,0,0,3,0,0,0
50264,1,1,4,3,1,1
50281,1,1,2,2,1,1
50295,0,0,3,0,0,0
50311,1,0,3,2,1,1
50366,1,1,2,1,0,0
50369,1,1,4,1,0,0
50453,1,0,4,2,1,1
50501,1,1,4,4,1,1
50574,1,0,4,1,1,0
50636,1,0,8,3,1,1
50653,1,1,1,1,0,0
50693,0,0,1,0,0,0
50704,0,0,4,0,0,0
50783,1,0,3,1,1,0
50839,1,1,6,2,1,1
50840,1,1,4,4,1,1
50905,1,0,4,2,1,1
50926,0,0,4,0,0,0
50942,1,1,3,1,0,0
50952,1,1,5,3,1,1
50993,1,0,3,1,1,0
51018,0,0,2,0,0,0
51020,1,1,7,2,1,1
51057,1,0,5,4,1,1
51068,1,0,8,1,1,0
51115,1,1,1,1,0,0
51208,0,0,3,0,0,0
51223,1,1,5,3,1,1
51237,0,0,1,0,0,0
51268,1,1,2,1,0,0
51319,1,0,5,2,1,1
51399,1,1,5,3,1,1
51412,0,0,1,0,0,0
51437,1,0,4,2,1,1
51554,1,1,5,2,1,1
51558,1,1,4,1,0,0
51578,1,0,3,2,1,1
51640,1,1,5,2,1,1
51664,1,1,5,3,1,1
51669,1,1,3,3,1,1
51785,0,0,4,0,0,0
51786,1,0,3,1,1,0
51813,1,1,5,3,1,1
51871,1,1,3,3,1,1
51934,1,0,3,1,1,0
51992,0,0,1,0,0,0
52013,0,0,4,0,0,0
52113,1,1,3,2,1,1
52130,1,0,5,1,1,0
52142,1,1,3,3,1,1
52154,1,1,1,1,0,0
52231,0,0,1,0,0,0
52236,0,0,2,0,0,0
52260,1,0,7,3,1,1
52274,1,0,3,1,1,0
52282,1,1,8,7,1,1
52317,1,0,3,1,1,0
52320,1,0,5,1,1,0
52328,1,1,4,2,1,1
52335,1,1,7,4,1,1
52397,0,0,4,0,0,0
52408,1,0,8,3,1,1
52438,1,1,1,1,0,0
52472,1,1,4,4,1,1
52520,1,0,5,1,1,0
52553,1,1,6,4,1,1
52609,1,1,7,4,1,1
52646,1,1,1,1,0,0
52660,1,0,4,2,1,1
52689,1,1,6,4,1,1
52720,1,1,1,1,0,0
52731,1,1,5,2,1,1
52806,0,0,3,0,0,0
52864,0,0,3,0,0,0
52906,1,1,1,1,0,0
53006,1,0,2,1,1,0
53024,1,0,4,1,1,0
53088,1,1,3,2,1,1
53115,1,1,1,1,0,0
53151,1,1,4,2,1,1
53163,1,0,4,3,1,1
53220,1,0,5,1,1,0
53232,1,0,4,2,1,1
53283,1,1,1,1,0,0
53293,1,0,4,1,1,0
53313,1,1,4,3,1,1
53332,0,0,3,0,0,0
53343,1,1,1,1,0,0
53419,1,0,4,2,1,1
53526,1,1,12,7,1,1
53536,0,0,2,0,0,0
53582,1,1,6,4,1,1
53599,1,1,5,3,1,1
53636,1,1,3,1,0,0
53707,1,0,7,5,1,1
53859,1,1,5,2,1,1
53902,1,1,5,2,1,1
53932,1,1,4,3,1,1
53947,1,0,2,1,1,0
53994,0,0,1,0,0,0
54005,1,1,2,1,0,0
54010,1,1,2,2,1,1
54016,1,0,5,2,1,1
54044,1,0,5,3,1,1
54048,1,1,4,2,1,1
54049,1,1,2,2,1,1
54069,0,0,1,0,0,0
54070,1,0,3,1,1,0
54089,1,1,4,4,1,1
54106,0,0,3,0,0,0
54115,1,1,3,2,1,1
54121,1,0,5,2,1,1
54215,1,0,3,1,1,0
54259,1,1,4,2,1,1
54278,0,0,3,0,0,0
54301,1,0,8,4,1,1
54334,1,0,4,1,1,0
54351,1,1,3,1,0,0
54395,1,1,3,2,1,1
54418,1,0,5,2,1,1
54440,1,0,3,1,1,0
54489,0,0,2,0,0,0
54502,0,0,2,0,0,0
54531,1,1,5,3,1,1
54549,1,1,3,2,1,1
54664,1,1,1,1,0,0
54700,1,1,1,1,0,0
54719,1,0,7,4,1,1
54727,1,1,2,1,0,0
54739,1,1,4,2,1,1
54741,1,0,5,2,1,1
54766,1,0,5,3,1,1
54821,1,0,6,3,1,1
54874,1,1,6,2,1,1
54877,1,0,5,1,1,0
55035,1,0,5,3,1,1
55079,1,1,4,2,1,1
55099,1,1,3,3,1,1
55103,1,0,2,1,1,0
55176,1,0,2,1,1,0
55190,1,1,4,4,1,1
55224,0,0,2,0,0,0
55227,1,0,4,2,1,1
55333,1,0,3,2,1,1
55355,0,0,4,0,0,0
55398,1,1,2,1,0,0
55427,1,0,2,1,1,0
55446,1,1,6,4,1,1
55513,1,1,4,2,1,1
55533,1,0,4,1,1,0
55550,1,1,2,2,1,1
55587,1,0,2,1,1,0
55631,1,0,2,1,1,0
55650,1,1,2,1,0,0
55702,1,1,3,2,1,1
55737,1,1,3,2,1,1
55744,1,0,3,1,1,0
55745,1,0,5,1,1,0
55755,1,0,5,2,1,1
55756,1,0,5,1,1,0
55767,1,1,2,2,1,1
55808,1,0,4,1,1,0
55820,1,0,3,1,1,0
55829,1,1,4,3,1,1
55849,0,0,1,0,0,0
55886,1,0,3,1,1,0
55894,1,1,6,5,1,1
55905,1,1,5,2,1,1
55980,1,0,4,1,1,0
55983,1,0,6,1,1,0
56007,1,0,3,1,1,0
56009,1,1,1,1,0,0
56016,1,1,1,1,0,0
56041,1,0,6,3,1,1
56050,1,1,2,2,1,1
56072,1,1,4,3,1,1
56075,1,1,7,3,1,1
56094,1,0,4,3,1,1
56125,1,1,2,1,0,0
56128,1,0,3,1,1,0
56160,1,1,1,1,0,0
56169,1,1,2,2,1,1
56219,1,1,5,5,1,1
56253,0,0,1,0,0,0
56297,0,0,2,0,0,0
56363,1,1,5,4,1,1
56452,1,0,2,1,1,0
56476,1,1,3,2,1,1
56480,1,0,6,3,1,1
56501,1,1,3,3,1,1
56553,1,1,2,2,1,1
56634,1,1,4,2,1,1
56636,1,1,3,1,0,0
56652,0,0,1,0,0,0
56666,1,0,4,1,1,0
56733,0,0,3,0,0,0
56768,1,1,4,2,1,1
56855,1,1,7,5,1,1
56912,1,1,4,2,1,1
56961,1,0,3,2,1,1
56968,1,1,5,2,1,1
56987,1,0,5,2,1,1
56993,1,0,5,4,1,1
57079,1,0,3,2,1,1
57108,1,1,3,2,1,1
57125,1,1,2,2,1,1
57141,1,0,3,2,1,1
57166,1,1,2,1,0,0
57273,0,0,1,0,0,0
57318,0,0,4,0,0,0
57363,0,0,2,0,0,0
57372,1,0,4,1,1,0
57385,1,1,6,4,1,1
57389,1,1,6,4,1,1
57396,0,0,1,0,0,0
57401,1,1,1,1,0,0
57455,1,1,8,6,1,1
57498,1,0,2,1,1,0
57564,1,1,5,3,1,1
57627,1,1,3,3,1,1
57669,1,1,5,3,1,1
57672,1,1,1,1,0,0
57726,1,1,6,5,1,1
57739,1,0,4,3,1,1
57793,1,1,5,5,1,1
57943,1,0,4,2,1,1
57949,1,1,5,1,0,0
57951,1,0,5,2,1,1
57976,1,1,5,3,1,1
57996,1,1,4,3,1,1
58020,1,1,1,1,0,0
58062,1,0,2,1,1,0
58064,1,1,3,2,1,1
58113,1,1,3,1,0,0
58128,1,0,4,1,1,0
58238,1,0,3,1,1,0
58258,1,1,3,2,1,1
58344,1,1,2,2,1,1
58481,1,1,4,3,1,1
58495,0,0,1,0,0,0
58496,1,1,10,6,1,1
58510,1,1,3,1,0,0
58511,1,1,4,2,1,1
58546,0,0,2,0,0,0
58561,1,1,3,2,1,1
58689,0,0,2,0,0,0
58703,1,1,5,1,0,0
58748,1,0,5,3,1,1
58762,1,0,2,1,1,0
58768,1,1,1,1,0,0
58795,1,1,6,4,1,1
58797,1,1,4,3,1,1
58884,0,0,3,0,0,0
58910,1,1,3,2,1,1
58929,0,0,1,0,0,0
58938,1,1,3,3,1,1
58945,1,1,2,1,0,0
58957,1,1,3,3,1,1
58969,1,1,5,2,1,1
59032,1,0,5,2,1,1
59033,1,0,4,1,1,0
59072,1,0,4,2,1,1
59077,1,1,3,3,1,1
59102,1,1,5,2,1,1
59109,1,1,6,5,1,1
59110,1,0,5,2,1,1
59144,1,0,2,1,1,0
59188,1,0,4,1,1,0
59198,1,1,2,2,1,1
59232,1,0,4,2,1,1
59251,1,1,4,1,0,0
59281,1,1,4,2,1,1
59302,1,1,2,1,0,0
59319,1,1,6,4,1,1
59390,1,1,8,4,1,1
59416,1,1,1,1,0,0
59425,1,1,4,3,1,1
59461,1,0,5,3,1,1
59480,1,0,3,1,1,0
59482,1,0,6,2,1,1
59576,1,0,7,6,1,1
59599,0,0,1,0,0,0
59611,1,0,3,2,1,1
59631,1,1,2,2,1,1
59722,0,0,1,0,0,0
59730,1,1,4,1,0,0
59787,1,0,7,4,1,1
59840,1,1,6,5,1,1
59899,1,0,6,2,1,1
59927,1,1,5,5,1,1
59959,0,0,2,0,0,0
60001,1,1,6,4,1,1
60022,1,1,4,2,1,1
60095,1,1,6,3,1,1
60102,1,1,4,2,1,1
60108,0,0,2,0,0,0
60156,1,1,3,1,0,0
60190,0,0,1,0,0,0
60226,1,0,5,1,1,0
60236,1,1,3,3,1,1
60345,1,0,4,2,1,1
60456,1,0,3,1,1,0
60469,1,0,2,1,1,0
60477,1,0,3,1,1,0
60484,1,0,6,1,1,0
60487,1,1,2,2,1,1
60493,1,1,2,1,0,0
60571,0,0,3,0,0,0
60590,1,1,2,1,0,0
60616,1,0,3,2,1,1
60660,1,1,4,3,1,1
60684,1,1,9,7,1,1
60755,1,0,3,2,1,1
60772,1,0,3,2,1,1
60780,1,1,3,2,1,1
60798,1,1,7,4,1,1
60799,1,1,4,3,1,1
60844,1,0,4,1,1,0
60852,1,0,7,2,1,1
60856,1,0,2,1,1,0
60859,1,1,3,2,1,1
60881,1,0,6,4,1,1
60888,1,0,3,1,1,0
60973,1,1,6,3,1,1
60974,1,0,3,1,1,0
60996,1,0,4,3,1,1
61019,0,0,5,0,0,0
61022,1,1,1,1,0,0
61032,1,0,4,1,1,0
61053,1,1,5,3,1,1
61062,1,1,6,4,1,1
61063,0,0,2,0,0,0
61146,1,0,5,1,1,0
61177,1,0,3,1,1,0
61234,1,0,2,1,1,0
61278,1,1,2,2,1,1
61285,0,0,2,0,0,0
61331,1,1,4,2,1,1
61352,1,1,2,2,1,1
61358,1,0,4,1,1,0
61368,1,1,4,3,1,1
61401,1,0,4,2,1,1
61426,1,1,6,4,1,1
61462,1,1,4,1,0,0
61489,1,1,4,4,1,1
61504,1,0,4,2,1,1
61514,1,0,3,1,1,0
61522,1,1,3,3,1,1
61528,1,1,5,4,1,1
61529,1,0,3,2,1,1
61537,1,0,6,5,1,1
61578,1,0,4,1,1,0
61594,1,1,3,2,1,1
61600,1,1,1,1,0,0
61650,1,0,5,3,1,1
61655,1,1,5,3,1,1
61685,1,1,3,3,1,1
61770,1,1,4,3,1,1
61828,0,0,2,0,0,0
61829,1,1,3,2,1,1
61867,0,0,3,0,0,0
61878,1,1,3,2,1,1
61905,1,0,5,2,1,1
61947,1,0,4,2,1,1
61983,1,1,4,3,1,1
61985,1,0,2,1,1,0
62022,0,0,1,0,0,0
62035,1,1,3,2,1,1
62061,1,1,8,4,1,1
62079,1,1,6,3,1,1
62089,1,0,5,1,1,0
62101,1,1,7,5,1,1
62107,1,1,6,3,1,1
62128,1,0,4,1,1,0
62169,1,0,2,1,1,0
62188,0,0,2,0,0,0
62203,1,1,1,1,0,0
62211,1,1,1,1,0,0
62212,1,1,2,2,1,1
62225,1,0,4,1,1,0
62229,1,1,4,3,1,1
62264,1,1,7,5,1,1
62298,1,1,3,2,1,1
62324,0,0,1,0,0,0
62422,1,1,3,1,0,0
62446,1,1,5,4,1,1
62471,1,0,3,1,1,0
62478,1,1,1,1,0,0
62494,1,1,3,2,1,1
62558,1,0,3,1,1,0
62564,1,1,4,1,0,0
62579,1,0,4,1,1,0
62615,1,0,4,1,1,0
62697,1,0,4,1,1,0
62748,1,1,1,1,0,0
62843,1,0,5,2,1,1
62862,1,1,1,1,0,0
62875,0,0,5,0,0,0
62905,1,0,3,2,1,1
62907,1,0,5,1,1,0
62979,1,1,5,3,1,1
63029,1,1,2,1,0,0
63062,1,0,2,1,1,0
63064,1,1,1,1,0,0
63072,1,1,2,1,0,0
63084,1,1,1,1,0,0
63091,0,0,1,0,0,0
63095,1,1,5,2,1,1
63165,1,1,1,1,0,0
63181,1,1,2,1,0,0
63192,1,1,4,2,1,1
63243,1,1,4,3,1,1
63250,1,1,3,1,0,0
63274,1,0,5,2,1,1
63323,1,1,3,1,0,0
63337,0,0,6,0,0,0
63367,1,1,3,2,1,1
63416,1,0,5,2,1,1
63471,1,0,5,2,1,1
63473,1,0,5,2,1,1
63489,1,1,3,2,1,1
63496,1,1,2,1,0,0
63505,1,0,5,2,1,1
63511,1,1,6,1,0,0
63527,0,0,2,0,0,0
63551,1,0,5,3,1,1
63618,0,0,1,0,0,0
63620,1,1,5,3,1,1
63685,1,0,5,3,1,1
63709,1,1,3,2,1,1
63710,1,1,2,1,0,0
63712,1,0,6,2,1,1
63751,1,1,3,2,1,1
63775,1,1,4,4,1,1
63781,1,0,8,5,1,1
63820,1,0,4,1,1,0
63990,1,0,4,2,1,1
64032,1,1,3,3,1,1
64037,1,1,4,2,1,1
64068,1,0,2,1,1,0
64075,1,0,3,2,1,1
64113,1,0,4,2,1,1
64142,1,0,8,4,1,1
64147,1,1,1,1,0,0
64153,1,1,5,1,0,0
64157,1,0,6,2,1,1
64159,0,0,3,0,0,0
64163,1,1,7,6,1,1
64177,1,0,3,2,1,1
64204,1,0,2,1,1,0
64228,1,1,3,2,1,1
64263,1,1,5,2,1,1
64294,0,0,2,0,0,0
64325,0,0,1,0,0,0
64436,1,1,3,3,1,1
64440,0,0,3,0,0,0
64488,0,0,1,0,0,0
64521,1,0,5,2,1,1
64528,1,1,3,1,0,0
64541,1,0,6,3,1,1
64553,0,0,1,0,0,0
64665,1,1,5,2,1,1
64703,1,0,4,2,1,1
64705,1,1,2,1,0,0
64712,1,1,2,2,1,1
64713,1,0,4,1,1,0
64742,1,1,4,2,1,1
64747,1,1,6,2,1,1
64753,0,0,2,0,0,0
64767,1,1,6,4,1,1
64781,1,0,4,2,1,1
64814,1,1,3,1,0,0
64847,1,1,3,2,1,1
64867,0,0,6,0,0,0
64870,1,0,2,1,1,0
64877,1,1,3,3,1,1
64901,0,0,1,0,0,0
64907,1,0,3,2,1,1
64955,1,0,3,1,1,0
64956,0,0,3,0,0,0
64972,0,0,4,0,0,0
65026,1,0,6,3,1,1
65073,1,1,2,1,0,0
65082,1,0,5,3,1,1
65084,1,1,1,1,0,0
65175,1,1,2,2,1,1
65195,0,0,1,0,0,0
65207,1,1,3,1,0,0
65233,1,1,3,2,1,1
65259,1,1,2,2,1,1
65283,1,1,1,1,0,0
65383,1,1,2,2,1,1
65453,1,1,3,2,1,1
65473,1,0,7,1,1,0
65497,1,0,5,1,1,0
65514,1,1,6,1,0,0
65575,1,0,2,1,1,0
65626,1,1,3,1,0,0
65708,0,0,4,0,0,0
65726,0,0,5,0,0,0
65740,1,0,4,2,1,1
65743,0,0,2,0,0,0
65812,1,1,2,1,0,0
65820,1,0,3,1,1,0
65832,1,1,2,2,1,1
65871,0,0,2,0,0,0
65881,1,1,6,4,1,1
65922,0,0,3,0,0,0
65938,0,0,2,0,0,0
65966,1,1,4,3,1,1
66008,1,0,5,3,1,1
66042,1,0,4,2,1,1
66060,1,1,4,2,1,1
66115,0,0,1,0,0,0
66139,1,0,2,1,1,0
66238,0,0,3,0,0,0
66286,1,1,1,1,0,0
66319,1,1,2,1,0,0
66382,1,1,7,4,1,1
66408,1,0,5,2,1,1
66414,1,0,3,2,1,1
66454,1,0,3,1,1,0
66625,1,0,4,1,1,0
66646,1,0,4,1,1,0
66664,0,0,3,0,0,0
66748,1,0,5,1,1,0
66758,1,0,4,1,1,0
66785,1,1,1,1,0,0
66854,1,0,2,1,1,0
66858,1,1,1,1,0,0
66863,1,1,5,4,1,1
66866,0,0,2,0,0,0
66881,1,0,3,2,1,1
66962,0,0,2,0,0,0
66986,1,1,6,3,1,1
67005,1,1,4,4,1,1
67051,1,1,1,1,0,0
67074,1,1,4,1,0,0
67155,1,1,3,1,0,0
67175,1,1,2,1,0,0
67211,1,1,6,4,1,1
67253,1,1,4,1,0,0
67274,1,1,1,1,0,0
67283,1,0,4,3,1,1
67330,0,0,1,0,0,0
67398,0,0,3,0,0,0
67419,1,0,5,4,1,1
67454,1,0,3,2,1,1
67455,1,0,4,1,1,0
67466,1,0,6,3,1,1
67525,1,1,5,4,1,1
67608,0,0,1,0,0,0
67658,1,1,4,2,1,1
67722,1,0,8,2,1,1
67765,1,1,3,2,1,1
67809,1,1,5,2,1,1
67860,1,0,7,2,1,1
67882,1,0,4,1,1,0
67893,1,1,5,2,1,1
67914,1,0,3,1,1,0
67935,1,1,4,1,0,0
68042,0,0,2,0,0,0
68047,0,0,1,0,0,0
68071,1,0,7,2,1,1
68119,1,1,1,1,0,0
68180,1,1,7,4,1,1
68285,1,1,2,1,0,0
68343,1,0,2,1,1,0
68367,1,1,4,2,1,1
68381,1,1,2,2,1,1
68384,0,0,1,0,0,0
68571,0,0,1,0,0,0
68585,1,0,4,1,1,0
68610,1,0,2,1,1,0
68615,1,0,4,2,1,1
68626,0,0,1,0,0,0
68632,1,0,6,3,1,1
68641,1,0,2,1,1,0
68649,1,0,6,3,1,1
68657,1,1,3,2,1,1
68681,1,1,5,5,1,1
68700,1,0,4,3,1,1
68708,0,0,2,0,0,0
68721,1,0,2,1,1,0
68751,1,0,4,1,1,0
68762,1,1,4,2,1,1
68774,1,1,1,1,0,0
68787,0,0,2,0,0,0
68838,1,1,5,2,1,1
68841,0,0,1,0,0,0
68849,1,1,5,3,1,1
68891,1,1,6,2,1,1
68900,1,1,4,3,1,1
68998,0,0,2,0,0,0
69010,1,0,2,1,1,0
69039,0,0,1,0,0,0
69090,1,1,3,3,1,1
69137,1,1,1,1,0,0
69144,1,1,2,2,1,1
69153,0,0,3,0,0,0
69192,1,0,3,2,1,1
69194,1,0,4,1,1,0
69202,1,1,2,2,1,1
69217,1,0,3,1,1,0
69248,1,0,2,1,1,0
69282,1,1,3,2,1,1
69301,1,0,5,3,1,1
69316,1,0,5,3,1,1
69351,1,1,4,4,1,1
69415,1,1,2,2,1,1
69421,1,1,4,1,0,0
69433,1,1,2,1,0,0
69460,1,1,6,2,1,1
69478,0,0,1,0,0,0
69561,1,0,2,1,1,0
69579,1,1,4,2,1,1
69602,1,0,4,1,1,0
69619,1,1,2,2,1,1
69729,1,0,4,1,1,0
69737,1,1,9,5,1,1
69761,1,1,6,2,1,1
69775,1,1,4,4,1,1
69779,1,1,1,1,0,0
69781,1,0,4,1,1,0
69827,1,1,1,1,0,0
69838,1,0,2,1,1,0
69847,1,0,3,1,1,0
69904,1,1,7,3,1,1
69942,1,1,5,4,1,1
70016,1,1,2,2,1,1
70093,1,0,4,2,1,1
70094,1,0,3,1,1,0
70222,1,0,5,1,1,0
70237,1,1,5,2,1,1
70272,0,0,2,0,0,0
70378,1,0,8,3,1,1
70442,0,0,2,0,0,0
70492,1,0,6,2,1,1
70502,1,1,5,3,1,1
70576,1,0,4,1,1,0
70604,1,1,3,3,1,1
70632,0,0,1,0,0,0
70659,0,0,4,0,0,0
70697,1,1,3,2,1,1
70698,0,0,2,0,0,0
70719,1,1,1,1,0,0
70773,1,1,2,1,0,0
70834,0,0,1,0,0,0
70850,1,0,3,1,1,0
70948,0,0,1,0,0,0
70949,1,1,7,6,1,1
71026,1,1,4,2,1,1
71027,0,0,1,0,0,0
71036,1,0,6,2,1,1
71078,1,1,3,2,1,1
71094,1,0,5,3,1,1
71235,1,0,4,1,1,0
71259,1,1,2,2,1,1
71292,1,1,5,4,1,1
71306,1,0,6,2,1,1
71410,1,1,6,4,1,1
71460,1,1,5,2,1,1
71469,1,0,5,3,1,1
71478,1,1,5,3,1,1
71497,0,0,2,0,0,0
71565,1,1,2,1,0,0
71570,1,0,7,1,1,0
71655,1,0,3,2,1,1
71753,0,0,3,0,0,0
71797,1,1,3,2,1,1
71827,1,1,4,2,1,1
71839,1,0,2,1,1,0
71893,1,1,1,1,0,0
71911,1,1,6,2,1,1
71927,1,0,2,1,1,0
71932,1,1,4,3,1,1
71938,0,0,1,0,0,0
71941,1,1,2,2,1,1
71979,1,0,8,1,1,0
71985,1,1,1,1,0,0
72009,1,1,2,2,1,1
72028,1,1,4,4,1,1
72040,1,0,4,1,1,0
72045,1,1,7,4,1,1
72077,1,1,5,3,1,1
72095,1,1,4,2,1,1
72118,1,1,8,4,1,1
72122,1,1,8,6,1,1
72179,1,1,4,2,1,1
72185,0,0,1,0,0,0
72244,1,0,3,1,1,0
72337,1,1,6,4,1,1
72349,0,0,1,0,0,0
72379,1,1,4,3,1,1
72389,1,1,3,2,1,1
72415,1,0,6,3,1,1
72457,1,1,4,3,1,1
72479,0,0,1,0,0,0
72518,1,0,5,4,1,1
72532,1,0,5,3,1,1
72561,1,0,5,4,1,1
72577,1,0,3,1,1,0
72612,1,0,9,4,1,1
72636,1,1,2,1,0,0
72645,1,1,6,4,1,1
72741,1,0,4,1,1,0
72815,1,1,6,5,1,1
72819,1,1,4,3,1,1
72842,1,0,6,4,1,1
72843,1,0,3,1,1,0
72892,1,1,3,1,0,0
72929,1,1,4,3,1,1
72959,1,0,4,1,1,0
73006,1,1,3,2,1,1
73023,0,0,4,0,0,0
73029,1,1,2,1,0,0
73055,1,0,5,2,1,1
73105,1,0,10,4,1,1
73118,1,1,2,1,0,0
73132,1,0,2,1,1,0
73141,1,1,5,3,1,1
73183,0,0,3,0,0,0
73216,1,0,2,1,1,0
73264,1,0,2,1,1,0
73286,1,1,3,1,0,0
73302,1,0,4,2,1,1
73311,1,0,3,1,1,0
73368,0,0,3,0,0,0
73373,1,1,4,2,1,1
73412,1,0,5,4,1,1
73457,1,0,5,3,1,1
73458,1,0,2,1,1,0
73459,1,0,5,2,1,1
73487,1,1,4,3,1,1
73527,0,0,3,0,0,0
73566,1,0,5,1,1,0
73654,1,0,3,1,1,0
73677,1,1,1,1,0,0
73721,1,0,4,1,1,0
73762,1,1,5,3,1,1
73814,1,1,4,3,1,1
73835,1,1,3,2,1,1
73838,1,0,4,1,1,0
73905,1,0,3,2,1,1
73945,1,1,6,3,1,1
73951,1,1,2,1,0,0
73999,1,0,3,1,1,0
74028,1,1,1,1,0,0
74032,1,1,5,2,1,1
74035,1,1,3,3,1,1
74104,1,0,5,1,1,0
74139,1,1,2,2,1,1
74192,1,0,6,3,1,1
74223,0,0,1,0,0,0
74272,1,1,3,3,1,1
74300,1,0,7,5,1,1
74350,0,0,2,0,0,0
74381,1,1,2,2,1,1
74413,1,1,5,3,1,1
74464,0,0,3,0,0,0
74513,0,0,4,0,0,0
74534,1,0,5,1,1,0
74549,1,0,2,1,1,0
74627,1,1,4,2,1,1
74629,1,0,4,2,1,1
74664,1,1,2,2,1,1
74686,1,1,6,4,1,1
74738,1,0,5,2,1,1
74763,1,1,2,1,0,0
74772,1,0,5,2,1,1
74784,0,0,1,0,0,0
74876,1,1,5,2,1,1
74884,1,1,4,3,1,1
74894,0,0,2,0,0,0
74913,1,1,3,2,1,1
74915,1,0,3,1,1,0
74984,1,0,2,1,1,0
75027,0,0,2,0,0,0
75033,1,0,2,1,1,0
75095,0,0,2,0,0,0
75137,1,0,4,2,1,1
75201,1,0,4,1,1,0
75208,1,0,6,2,1,1
75250,1,0,2,1,1,0
75293,0,0,3,0,0,0
75302,1,0,6,3,1,1
75328,1,1,5,4,1,1
75352,0,0,2,0,0,0
75405,1,1,2,2,1,1
75470,1,1,4,2,1,1
75473,0,0,2,0,0,0
75557,1,1,2,1,0,0
75595,1,1,2,2,1,1
75637,1,0,4,1,1,0
75656,1,0,7,2,1,1
75700,1,1,3,1,0,0
75712,0,0,1,0,0,0
75751,1,1,2,1,0,0
75802,1,1,3,1,0,0
75804,1,1,4,2,1,1
75841,1,1,4,2,1,1
75865,0,0,1,0,0,0
75960,0,0,2,0,0,0
76003,1,1,2,1,0,0
76029,1,1,4,3,1,1
76040,1,0,7,3,1,1
76055,1,1,2,1,0,0
76065,1,1,2,2,1,1
76066,1,1,1,1,0,0
76127,0,0,2,0,0,0
76181,1,1,1,1,0,0
76240,1,1,7,2,1,1
76276,1,1,3,1,0,0
76288,1,1,3,3,1,1
76303,1,0,3,1,1,0
76328,1,0,4,2,1,1
76358,1,0,3,2,1,1
76451,0,0,1,0,0,0
76452,0,0,3,0,0,0
76514,1,1,4,2,1,1
76541,1,0,3,1,1,0
76584,1,0,4,2,1,1
76601,1,0,4,2,1,1
76622,0,0,1,0,0,0
76645,1,0,4,2,1,1
76669,0,0,2,0,0,0
76689,1,1,3,1,0,0
76702,1,1,2,1,0,0
76711,1,0,3,1,1,0
76717,1,1,2,1,0,0
76732,1,0,4,2,1,1
76743,0,0,5,0,0,0
76806,1,1,5,2,1,1
76821,1,1,2,2,1,1
76850,1,0,3,2,1,1
76871,0,0,6,0,0,0
76909,1,0,7,3,1,1
76911,1,1,2,2,1,1
76940,1,1,6,3,1,1
76957,1,1,2,2,1,1
76967,1,1,2,2,1,1
77091,1,0,5,1,1,0
77098,1,0,4,3,1,1
77120,1,0,3,1,1,0
77184,0,0,5,0,0,0
77230,1,1,1,1,0,0
77231,1,0,8,3,1,1
77286,1,1,5,5,1,1
77289,1,0,3,1,1,0
77294,1,1,6,4,1,1
77310,0,0,2,0,0,0
77328,0,0,1,0,0,0
77374,1,1,2,2,1,1
77483,1,1,4,2,1,1
77597,1,1,4,1,0,0
77681,1,1,4,3,1,1
77688,1,1,4,3,1,1
77748,1,1,2,2,1,1
77790,0,0,2,0,0,0
77828,1,1,1,1,0,0
77831,1,1,1,1,0,0
77845,1,1,1,1,0,0
77873,1,0,3,1,1,0
77908,1,1,7,4,1,1
77968,1,0,6,4,1,1
77992,0,0,1,0,0,0
78044,0,0,1,0,0,0
78059,0,0,1,0,0,0
78076,1,0,2,1,1,0
78083,1,0,4,2,1,1
78168,1,1,1,1,0,0
78183,1,1,2,2,1,1
78241,1,1,3,3,1,1
78262,1,0,3,1,1,0
78282,1,1,8,4,1,1
78284,1,1,3,2,1,1
78296,1,1,3,2,1,1
78348,1,0,4,1,1,0
78374,0,0,3,0,0,0
78381,1,0,4,1,1,0
78420,0,0,3,0,0,0
78441,1,1,3,2,1,1
78514,1,1,5,3,1,1
78560,0,0,2,0,0,0
78574,1,0,5,2,1,1
78604,0,0,3,0,0,0
78646,0,0,2,0,0,0
78712,1,0,2,1,1,0
78752,1,0,6,4,1,1
78804,1,1,2,1,0,0
78830,1,1,6,3,1,1
78831,1,0,5,2,1,1
78862,1,1,1,1,0,0
78882,1,1,4,2,1,1
78925,1,1,2,1,0,0
78932,1,0,3,1,1,0
78945,1,0,2,1,1,0
78980,1,1,4,1,0,0
79019,1,0,4,3,1,1
79087,1,1,2,1,0,0
79091,1,0,6,2,1,1
79100,0,0,2,0,0,0
79131,1,1,2,1,0,0
79162,1,0,3,2,1,1
79163,1,1,6,4,1,1
79164,1,1,3,2,1,1
79181,1,1,6,2,1,1
79189,1,1,2,2,1,1
79192,1,0,7,2,1,1
79207,1,1,5,4,1,1
79268,1,0,6,3,1,1
79304,1,1,7,3,1,1
79307,0,0,1,0,0,0
79384,1,1,2,2,1,1
79404,1,0,5,1,1,0
79408,1,0,4,2,1,1
79444,1,0,2,1,1,0
79461,1,1,4,4,1,1
79493,0,0,1,0,0,0
79571,1,1,2,1,0,0
79602,0,0,3,0,0,0
79634,1,1,2,2,1,1
79692,0,0,1,0,0,0
79781,1,1,4,2,1,1
79789,0,0,4,0,0,0
79796,1,1,4,2,1,1
79823,1,1,4,2,1,1
79835,1,0,4,1,1,0
79863,1,0,7,4,1,1
79880,0,0,3,0,0,0
79883,1,1,7,6,1,1
79891,1,1,3,3,1,1
79894,1,1,4,3,1,1
79906,1,1,4,2,1,1
79907,1,1,3,2,1,1
79941,1,0,5,2,1,1
79969,1,0,4,1,1,0
80046,1,1,2,1,0,0
80070,0,0,1,0,0,0
80097,1,0,2,1,1,0
80133,1,0,5,2,1,1
80202,1,0,3,2,1,1
80204,0,0,2,0,0,0
80259,1,0,6,2,1,1
80267,1,1,2,1,0,0
80282,1,1,4,2,1,1
80298,1,1,3,2,1,1
80324,0,0,1,0,0,0
80368,1,0,4,1,1,0
80392,1,1,4,3,1,1
80471,1,0,4,1,1,0
80474,1,0,3,2,1,1
80481,1,0,3,1,1,0
80503,1,1,2,2,1,1
80527,1,1,4,2,1,1
80549,1,0,6,1,1,0
80551,1,1,4,3,1,1
80552,1,1,2,1,0,0
80575,1,1,3,2,1,1
80602,0,0,5,0,0,0
80604,1,0,8,2,1,1
80623,1,1,6,3,1,1
80631,0,0,2,0,0,0
80653,1,1,2,2,1,1
80670,1,1,1,1,0,0
80683,1,1,2,2,1,1
80731,1,1,5,2,1,1
80739,1,0,6,3,1,1
80769,1,1,5,2,1,1
80804,1,0,6,2,1,1
80892,0,0,2,0,0,0
80904,1,0,3,1,1,0
80938,1,0,4,2,1,1
80944,1,1,3,2,1,1
80960,1,0,2,1,1,0
80967,1,1,3,3,1,1
80999,1,0,4,2,1,1
81053,1,1,6,3,1,1
81103,1,1,4,2,1,1
81152,1,1,2,1,0,0
81168,1,0,4,2,1,1
81190,0,0,3,0,0,0
81212,0,0,1,0,0,0
81244,1,0,4,2,1,1
81291,1,1,1,1,0,0
81299,0,0,1,0,0,0
81300,1,0,3,1,1,0
81316,1,0,4,2,1,1
81371,1,0,5,1,1,0
81406,1,1,4,4,1,1
81446,0,0,2,0,0,0
81470,1,0,6,3,1,1
81479,1,1,2,1,0,0
81493,1,0,2,1,1,0
81530,1,1,1,1,0,0
81531,1,1,2,1,0,0
81545,1,1,3,1,0,0
81563,1,0,4,2,1,1
81582,1,1,1,1,0,0
81689,1,0,4,2,1,1
81711,1,0,4,1,1,0
81847,1,1,6,4,1,1
81851,1,0,4,2,1,1
81855,0,0,3,0,0,0
81888,1,1,3,2,1,1
81908,1,0,3,2,1,1
81937,1,1,2,2,1,1
81943,0,0,1,0,0,0
81952,1,0,4,2,1,1
81964,1,1,3,1,0,0
81974,1,1,4,2,1,1
82005,1,0,3,2,1,1
82038,0,0,3,0,0,0
82044,1,0,5,3,1,1
82045,1,0,2,1,1,0
82050,1,0,6,3,1,1
82058,1,0,3,1,1,0
82064,1,0,5,2,1,1
82118,1,1,2,1,0,0
82125,1,0,7,4,1,1
82159,1,1,4,1,0,0
82166,1,0,7,3,1,1
82182,1,1,3,2,1,1
82225,1,1,5,5,1,1
82259,1,0,2,1,1,0
82330,0,0,4,0,0,0
82338,1,1,3,3,1,1
82427,1,0,3,1,1,0
82446,0,0,1,0,0,0
82495,1,0,5,2,1,1
82497,0,0,2,0,0,0
82505,1,0,6,1,1,0
82551,1,1,2,1,0,0
82557,1,1,3,2,1,1
82581,1,1,2,2,1,1
82610,0,0,1,0,0,0
82667,1,1,4,3,1,1
82668,1,1,2,1,0,0
82701,0,0,3,0,0,0
82708,1,0,4,1,1,0
82712,1,1,2,1,0,0
82764,1,1,5,1,0,0
82774,0,0,3,0,0,0
82783,1,0,2,1,1,0
82798,1,1,4,3,1,1
82862,1,1,7,2,1,1
82916,0,0,2,0,0,0
82927,1,1,2,1,0,0
82929,1,1,4,3,1,1
82938,1,1,2,1,0,0
83035,1,0,7,3,1,1
83093,1,1,4,3,1,1
83147,1,1,6,3,1,1
83149,1,1,5,2,1,1
83153,1,1,8,5,1,1
83254,1,1,3,3,1,1
83281,1,1,6,1,0,0
83286,1,1,5,3,1,1
83306,1,1,1,1,0,0
83307,0,0,2,0,0,0
83312,1,1,2,1,0,0
83319,1,1,3,3,1,1
83320,1,0,2,1,1,0
83354,1,1,4,4,1,1
83355,1,1,3,1,0,0
83481,1,0,7,5,1,1
83489,1,1,5,2,1,1
83490,0,0,1,0,0,0
83578,1,1,4,3,1,1
83610,1,1,1,1,0,0
83615,1,1,1,1,0,0
83626,1,1,2,1,0,0
83640,1,0,3,1,1,0
83667,1,1,2,2,1,1
83673,0,0,2,0,0,0
83703,1,1,2,2,1,1
83712,1,1,5,2,1,1
83772,0,0,1,0,0,0
83785,1,0,5,2,1,1
83798,1,0,3,1,1,0
83871,0,0,1,0,0,0
83878,0,0,2,0,0,0
83881,1,1,4,2,1,1
83912,1,1,2,1,0,0
83919,1,0,3,1,1,0
83923,1,1,3,3,1,1
83947,1,1,2,2,1,1
83952,1,1,2,2,1,1
83962,0,0,4,0,0,0
83965,1,1,5,3,1,1
83991,1,1,4,3,1,1
83993,0,0,2,0,0,0
84041,1,1,8,4,1,1
84060,1,1,7,5,1,1
84189,1,1,1,1,0,0
84196,1,0,2,1,1,0
84203,1,1,4,3,1,1
84281,0,0,1,0,0,0
84325,1,1,1,1,0,0
84395,1,1,2,1,0,0
84413,1,0,3,1,1,0
84470,1,0,2,1,1,0
84492,1,0,4,1,1,0
84501,1,1,1,1,0,0
84512,1,1,3,1,0,0
84567,1,0,8,5,1,1
84690,1,1,5,4,1,1
84693,1,1,6,6,1,1
84745,0,0,1,0,0,0
84773,0,0,1,0,0,0
84828,1,1,5,3,1,1
84915,1,1,2,1,0,0
84925,1,0,4,2,1,1
84928,1,1,3,2,1,1
85022,1,0,2,1,1,0
85046,1,1,3,3,1,1
85049,1,0,7,3,1,1
85152,1,0,3,1,1,0
85197,1,1,4,3,1,1
85277,1,1,1,1,0,0
85309,1,1,4,2,1,1
85343,1,0,5,3,1,1
85375,1,0,2,1,1,0
85419,1,1,9,4,1,1
85422,1,0,3,1,1,0
85426,1,0,9,2,1,1
85459,1,0,8,4,1,1
85470,1,0,4,1,1,0
85486,1,0,7,4,1,1
85535,1,1,3,3,1,1
85549,1,1,5,2,1,1
85576,1,0,2,1,1,0
85587,0,0,4,0,0,0
85643,1,1,2,2,1,1
85651,1,0,2,1,1,0
85682,1,0,3,2,1,1
85722,0,0,4,0,0,0
85725,1,1,4,2,1,1
85732,1,1,2,2,1,1
85743,1,1,1,1,0,0
85844,1,1,9,4,1,1
85902,1,0,5,3,1,1
86010,1,1,1,1,0,0
86014,1,1,4,4,1,1
86021,1,1,6,3,1,1
86042,1,1,3,1,0,0
86081,1,1,4,3,1,1
86085,1,0,4,2,1,1
86091,1,1,1,1,0,0
86112,1,0,6,2,1,1
86180,1,1,1,1,0,0
86216,1,0,6,2,1,1
86296,0,0,4,0,0,0
86327,1,1,6,4,1,1
86379,1,1,4,1,0,0
86406,1,1,5,4,1,1
86414,1,1,5,4,1,1
86443,1,1,4,3,1,1
86539,1,0,4,2,1,1
86558,1,1,3,2,1,1
86578,1,1,3,1,0,0
86658,1,0,5,3,1,1
86700,1,1,4,2,1,1
86706,1,1,3,2,1,1
86715,1,1,4,3,1,1
86774,1,0,2,1,1,0
86814,0,0,1,0,0,0
86824,1,0,2,1,1,0
86856,1,1,3,3,1,1
86886,1,0,5,2,1,1
86889,1,1,12,6,1,1
86974,1,1,6,4,1,1
87025,1,1,2,2,1,1
87027,1,0,2,1,1,0
87081,1,1,1,1,0,0
87153,1,0,4,2,1,1
87191,1,1,4,2,1,1
87204,1,1,5,2,1,1
87228,1,0,3,2,1,1
87245,1,1,6,5,1,1
87345,0,0,3,0,0,0
87375,1,0,4,1,1,0
87404,1,1,4,3,1,1
87436,1,0,3,1,1,0
87606,1,1,2,1,0,0
87642,1,0,7,2,1,1
87730,0,0,2,0,0,0
87737,1,1,1,1,0,0
87760,1,0,3,2,1,1
87803,1,1,2,2,1,1
87851,1,0,7,4,1,1
87893,1,1,4,1,0,0
87909,0,0,1,0,0,0
87938,0,0,3,0,0,0
87939,1,0,5,3,1,1
87951,1,0,2,1,1,0
87967,1,1,2,1,0,0
88027,1,1,4,3,1,1
88061,1,1,6,2,1,1
88072,1,1,3,1,0,0
88094,1,0,2,1,1,0
88112,1,1,2,1,0,0
88142,1,1,4,3,1,1
88151,0,0,1,0,0,0
88187,1,1,6,4,1,1
88191,1,1,3,3,1,1
88258,1,1,4,3,1,1
88293,1,1,6,4,1,1
88316,1,1,6,3,1,1
88357,1,1,3,2,1,1
88425,1,1,5,3,1,1
88515,1,0,4,1,1,0
88521,0,0,3,0,0,0
88567,1,0,6,3,1,1
88598,0,0,1,0,0,0
88692,1,1,1,1,0,0
88708,1,0,5,2,1,1
88728,1,0,6,3,1,1
88736,1,1,2,2,1,1
88808,1,1,4,2,1,1
88818,1,1,4,3,1,1
88859,1,1,7,5,1,1
88868,1,0,9,4,1,1
88880,1,1,7,7,1,1
88885,1,0,6,4,1,1
88938,1,1,3,2,1,1
88984,1,1,2,1,0,0
89095,1,1,3,3,1,1
89110,1,1,2,2,1,1
89128,1,0,6,2,1,1
89132,1,0,5,1,1,0
89174,0,0,3,0,0,0
89180,0,0,3,0,0,0
89183,1,1,1,1,0,0
89214,1,1,4,3,1,1
89239,1,0,5,1,1,0
89240,1,1,3,1,0,0
89293,1,1,1,1,0,0
89340,1,1,2,1,0,0
89362,1,0,3,2,1,1
89367,1,1,7,3,1,1
89395,1,1,2,2,1,1
89412,1,0,6,2,1,1
89467,1,0,4,2,1,1
89500,1,0,5,3,1,1
89556,1,1,2,2,1,1
89572,1,1,1,1,0,0
89619,1,1,4,3,1,1
89639,1,0,2,1,1,0
89677,1,1,4,3,1,1
89685,1,0,4,1,1,0
89703,1,1,3,3,1,1
89730,0,0,2,0,0,0
89732,1,0,4,1,1,0
89769,1,1,1,1,0,0
89770,1,0,3,2,1,1
89792,1,1,2,2,1,1
89793,1,1,7,6,1,1
89800,1,1,5,3,1,1
89813,1,0,2,1,1,0
89901,1,1,6,3,1,1
89935,0,0,1,0,0,0
89953,1,0,5,2,1,1
90001,1,0,5,2,1,1
90039,1,1,3,2,1,1
90047,1,0,6,3,1,1
90088,0,0,3,0,0,0
90090,1,0,3,2,1,1
90114,1,1,4,3,1,1
90125,1,0,4,1,1,0
90131,1,1,7,5,1,1
90153,1,1,1,1,0,0
90155,0,0,1,0,0,0
90184,1,1,1,1,0,0
90213,1,1,7,4,1,1
90253,1,1,4,4,1,1
90322,0,0,4,0,0,0
90332,1,1,3,2,1,1
90359,1,1,5,3,1,1
90409,1,0,5,3,1,1
90415,1,1,1,1,0,0
90435,1,0,3,1,1,0
90444,0,0,1,0,0,0
90472,1,1,3,2,1,1
90506,1,0,3,2,1,1
90516,1,1,2,1,0,0
90546,0,0,4,0,0,0
90548,0,0,3,0,0,0
90632,1,0,4,1,1,0
90635,1,0,5,2,1,1
90700,1,1,3,2,1,1
90701,1,1,4,2,1,1
90712,1,1,5,1,0,0
90751,1,0,3,1,1,0
90811,1,1,2,1,0,0
90848,1,1,4,1,0,0
90879,1,0,5,3,1,1
90897,1,0,6,3,1,1
90964,1,1,5,3,1,1
90969,0,0,2,0,0,0
90974,0,0,1,0,0,0
91019,1,1,6,3,1,1
91051,1,1,3,2,1,1
91055,0,0,1,0,0,0
91083,1,1,1,1,0,0
91093,1,1,1,1,0,0
91157,1,1,4,3,1,1
91203,1,1,3,3,1,1
91331,0,0,2,0,0,0
91341,0,0,2,0,0,0
91357,1,0,5,1,1,0
91360,1,1,2,1,0,0
91390,1,1,2,1,0,0
91394,1,0,4,2,1,1
91418,1,0,3,2,1,1
91442,1,1,5,3,1,1
91448,0,0,1,0,0,0
91449,1,0,3,1,1,0
91512,1,0,8,4,1,1
91541,0,0,1,0,0,0
91565,1,1,5,5,1,1
91612,1,0,4,1,1,0
91630,1,1,4,3,1,1
91641,1,1,3,2,1,1
91658,0,0,1,0,0,0
91679,1,0,4,3,1,1
91685,0,0,1,0,0,0
91703,1,1,2,1,0,0
91772,1,0,5,1,1,0
91787,0,0,4,0,0,0
91876,1,1,4,3,1,1
91879,1,0,5,3,1,1
91886,1,1,5,2,1,1
91904,1,0,4,1,1,0
91918,1,1,2,1,0,0
91950,1,1,5,4,1,1
91966,1,0,4,2,1,1
92006,0,0,2,0,0,0
92025,0,0,2,0,0,0
92043,1,1,8,6,1,1
92167,1,1,5,4,1,1
92200,1,0,3,1,1,0
92201,1,0,5,2,1,1
92234,1,1,4,1,0,0
92334,1,1,1,1,0,0
92337,0,0,3,0,0,0
92346,1,0,8,2,1,1
92350,1,1,3,3,1,1
92370,1,1,5,4,1,1
92402,1,1,5,3,1,1
92445,1,0,2,1,1,0
92468,1,1,2,1,0,0
92487,0,0,3,0,0,0
92555,1,0,2,1,1,0
92565,1,1,4,4,1,1
92621,1,1,4,3,1,1
92642,1,1,2,2,1,1
92646,0,0,1,0,0,0
92673,1,0,5,3,1,1
92692,1,1,2,2,1,1
92698,1,1,3,1,0,0
92699,1,1,2,1,0,0
92785,1,0,3,1,1,0
92799,1,0,2,1,1,0
92808,1,1,3,1,0,0
92904,1,1,4,3,1,1
92914,1,1,4,3,1,1
92921,1,1,1,1,0,0
92972,1,0,2,1,1,0
92974,1,0,5,2,1,1
92988,1,1,7,2,1,1
92989,1,1,6,3,1,1
93007,1,0,6,2,1,1
93014,1,0,5,2,1,1
93078,1,0,2,1,1,0
93161,1,1,3,1,0,0
93193,1,1,1,1,0,0
93227,1,0,5,1,1,0
93270,1,0,6,2,1,1
93271,1,0,7,3,1,1
93328,1,1,2,1,0,0
93395,1,1,1,1,0,0
93431,1,1,2,1,0,0
93474,1,1,3,3,1,1
93476,1,0,4,1,1,0
93576,1,0,4,2,1,1
93592,1,1,4,1,0,0
93693,1,1,2,1,0,0
93708,1,1,3,2,1,1
93764,1,1,2,2,1,1
93802,1,0,6,1,1,0
93811,1,0,2,1,1,0
93871,0,0,2,0,0,0
93942,1,1,5,4,1,1
93964,1,1,6,3,1,1
93973,1,1,4,3,1,1
93989,1,0,3,2,1,1
94024,1,0,7,3,1,1
94028,1,0,4,1,1,0
94070,1,0,5,2,1,1
94084,0,0,3,0,0,0
94106,1,1,2,2,1,1
94157,0,0,1,0,0,0
94174,1,0,5,2,1,1
94229,1,1,5,2,1,1
94253,1,0,6,1,1,0
94388,1,1,3,2,1,1
94431,1,1,5,3,1,1
94486,1,1,9,4,1,1
94548,0,0,5,0,0,0
94607,0,0,2,0,0,0
94623,1,1,2,2,1,1
94646,1,0,6,2,1,1
94722,1,1,3,2,1,1
94816,1,1,7,4,1,1
94825,1,1,2,2,1,1
94832,1,0,5,2,1,1
94841,1,1,3,1,0,0
94897,0,0,3,0,0,0
94932,0,0,6,0,0,0
94970,1,1,5,4,1,1
95114,1,1,3,2,1,1
95195,0,0,2,0,0,0
95242,1,1,2,1,0,0
95275,0,0,5,0,0,0
95298,1,1,4,1,0,0
95303,1,0,4,2,1,1
95402,1,1,4,2,1,1
95449,1,1,2,1,0,0
95461,1,0,5,2,1,1
95509,1,0,2,1,1,0
95511,1,0,3,2,1,1
95564,0,0,1,0,0,0
95590,1,1,4,3,1,1
95608,1,1,1,1,0,0
95648,1,1,2,1,0,0
95665,1,1,4,2,1,1
95694,1,1,6,3,1,1
95739,1,0,6,1,1,0
95745,1,0,3,2,1,1
95772,1,0,6,2,1,1
95799,1,0,6,5,1,1
95840,1,0,5,2,1,1
95870,1,0,3,1,1,0
95886,0,0,2,0,0,0
95948,0,0,2,0,0,0
95960,1,0,4,2,1,1
95962,1,1,2,2,1,1
96007,0,0,3,0,0,0
96015,1,1,6,1,0,0
96124,1,1,1,1,0,0
96142,1,0,6,3,1,1
96237,1,1,7,2,1,1
96285,0,0,2,0,0,0
96294,1,1,4,2,1,1
96454,1,0,6,3,1,1
96473,1,1,2,1,0,0
96491,1,0,2,1,1,0
96523,1,0,3,2,1,1
96542,1,0,4,2,1,1
96546,1,0,3,2,1,1
96598,1,1,3,1,0,0
96629,1,1,4,3,1,1
96656,0,0,4,0,0,0
96671,1,0,3,1,1,0
96672,1,0,3,1,1,0
96688,0,0,2,0,0,0
96740,1,1,4,3,1,1
96838,0,0,1,0,0,0
96855,1,0,3,2,1,1
96872,1,0,5,2,1,1
96900,1,1,2,2,1,1
96933,0,0,1,0,0,0
96934,1,1,4,2,1,1
97087,1,1,3,1,0,0
97127,1,1,4,3,1,1
97135,0,0,2,0,0,0
97151,1,1,1,1,0,0
97201,1,1,3,1,0,0
97230,0,0,1,0,0,0
97280,1,1,4,2,1,1
97335,1,1,2,2,1,1
97446,1,1,3,1,0,0
97508,1,0,3,2,1,1
97529,0,0,2,0,0,0
97706,1,1,4,2,1,1
97726,1,0,5,3,1,1
97756,1,0,5,2,1,1
97780,1,0,3,1,1,0
97804,1,1,5,3,1,1
97825,1,0,4,2,1,1
97826,1,1,4,2,1,1
97844,1,0,7,3,1,1
97853,1,1,2,2,1,1
97881,0,0,4,0,0,0
97894,1,1,1,1,0,0
97899,1,1,6,1,0,0
97915,1,1,3,3,1,1
98014,1,0,2,1,1,0
98015,0,0,2,0,0,0
98055,1,0,3,2,1,1
98079,1,0,6,3,1,1
98133,1,0,3,2,1,1
98152,1,1,6,3,1,1
98208,1,0,5,2,1,1
98219,1,1,3,2,1,1
98237,1,1,5,3,1,1
98242,0,0,2,0,0,0
98273,1,0,3,1,1,0
98275,1,0,4,1,1,0
98295,1,1,2,1,0,0
98310,1,1,7,2,1,1
98320,1,1,4,4,1,1
98343,1,1,1,1,0,0
98411,1,0,3,1,1,0
98418,1,1,8,4,1,1
98432,0,0,3,0,0,0
98517,1,0,4,1,1,0
98520,1,0,4,2,1,1
98627,1,0,3,1,1,0
98628,0,0,2,0,0,0
98655,1,1,1,1,0,0
98670,1,1,3,3,1,1
98673,1,1,1,1,0,0
98683,1,0,5,1,1,0
98687,0,0,2,0,0,0
98738,0,0,3,0,0,0
98788,0,0,1,0,0,0
98843,1,1,2,2,1,1
98881,1,0,5,1,1,0
98920,0,0,2,0,0,0
98997,0,0,2,0,0,0
99018,1,0,3,1,1,0
99065,1,0,4,2,1,1
99093,1,0,3,2,1,1
99115,0,0,1,0,0,0
99147,1,1,7,4,1,1
99149,1,1,2,1,0,0
99153,1,0,2,1,1,0
99157,1,1,3,2,1,1
99250,0,0,2,0,0,0
99318,1,1,1,1,0,0
99321,1,0,6,2,1,1
99481,1,1,6,2,1,1
99490,1,1,4,1,0,0
99526,1,0,6,3,1,1
99566,0,0,3,0,0,0
99597,1,1,3,3,1,1
99618,1,1,1,1,0,0
99627,1,1,4,2,1,1
99697,1,1,4,3,1,1
99744,1,1,2,2,1,1
99746,1,1,3,3,1,1
99748,1,1,5,3,1,1
99782,1,0,5,3,1,1
99794,1,1,5,2,1,1
99799,1,1,2,2,1,1
99937,1,0,6,1,1,0
99995,1,0,6,2,1,1
