term,coef,stderr,z,p_value,ci_lower,ci_upper,odds_ratio,or_ci_lower,or_ci_upper,significant
intercept,0.7489766521142731,0.019455483711537415,38.49694323817392,0.0,0.7108439040396598,0.7871094001888864,2.114834697248055,2.0357084765682125,2.197036485412702,Yes
num__n_touchpoints,0.09946782801701633,0.007156686150622539,13.898587408134967,0.0,0.08544072316179616,0.1134949328722365,1.104582933544963,1.0891969952763874,1.1201862127513407,Yes
num__n_unique_channels,0.12789576437535674,0.014620494460124908,8.74770444489222,0.0,0.09923959523351192,0.15655193351720156,1.136434539559031,1.104330860274215,1.169471495510014,Yes
num__journey_duration_hours,0.05392721067028863,0.03082087129292569,1.7496977991879983,0.08017047366966779,-0.006481697063845722,0.11433611840442298,1.0554077769344306,0.9935392638227446,1.1211288936160282,No
num__repeat_touchpoint_count,0.028380331120426053,0.018439287263982463,1.5391229993938795,0.12377427116800788,-0.007760671916979572,0.06452133415783168,1.0287868896933763,0.9922693643465682,1.0666483340458195,No
num__repeat_touchpoint_ratio,0.07151185890342719,0.029020622144629898,2.464173874255141,0.013732947417464336,0.014631439499952596,0.12839227830690178,1.0741308886402612,1.014739002973427,1.1369989352437762,Yes
num__mean_time_between_touchpoints,-0.04464614821864228,0.023163580350555754,-1.927428641987598,0.05392623300873178,-0.09004676570573156,0.0007544692684469945,0.9563358231028202,0.9138884456337414,1.000754753951976,No
num__median_time_between_touchpoints,-0.05045343704722545,0.02718726814596811,-1.8557744300141361,0.06348571667356206,-0.10374048261332294,0.002833608518872044,0.9507981996132928,0.9014592114062591,1.0028376269821786,No
num__max_time_gap,0.07712658355418997,0.02786587898336271,2.767778601214708,0.005643978263484062,0.022509460746799055,0.1317437063615809,1.080178800610641,1.022764710236633,1.1408158979387235,Yes
num__n_channel_transitions,0.09329008288863577,0.01231693195350475,7.574133172189064,3.6193270602780103e-14,0.06914889625976646,0.11743126951750509,1.0977801363175312,1.071595753869978,1.124604332689023,Yes
num__n_unique_transitions,0.10662554741326533,0.013022076114992242,8.188060526731828,2.220446049250313e-16,0.08110227822788053,0.13214881659865013,1.1125175913840257,1.0844818097723328,1.141278147762336,Yes
num__channel_switch_rate,0.0347791870216473,0.033998624348594776,1.0229586545928817,0.30632739486418714,-0.031858116701598466,0.10141649074489306,1.0353910557729895,0.9686440067364879,1.1067374917092163,No
num__journey_entropy,0.11661525338352526,0.015762445588520906,7.3982969665856295,1.3788969965844444e-13,0.08572086003002428,0.14750964673702624,1.1236870117344568,1.0895021622537924,1.1589444648083058,Yes
num__prop_touchpoints_first_half,-0.03155927995262157,0.022219513996103953,-1.420340695037492,0.15550851909009644,-0.07510952738498532,0.011990967479742182,0.9689335164182885,0.9276418785750755,1.0120631473439117,No
num__prop_touchpoints_second_half,0.03155927995262181,0.02221951399610396,1.4203406950375024,0.15550851909009333,-0.011990967479741953,0.07510952738498558,1.0320625544016173,0.9880806376800001,1.0780022151825142,No
num__n_consecutive_same,0.04537500729933546,0.0260341020503734,1.7429065619985407,0.08134993763145015,-0.005651832719396399,0.09640184731806732,1.0464202015523831,0.9943641088399988,1.1012014899595735,No
num__n_consecutive_diff,0.09329008288863577,0.01231693195350475,7.574133172189064,3.6193270602780103e-14,0.06914889625976646,0.11743126951750509,1.0977801363175312,1.071595753869978,1.124604332689023,Yes
num__prop_paid_to_organic,-0.014003987720335452,0.039250624466588065,-0.35678381963722106,0.7212536502029692,-0.09093521167484805,0.06292723623417715,0.9860936119894723,0.9130768657038387,1.0649493466871394,No
num__prop_organic_to_paid,-0.005028429851521793,0.038869111201349706,-0.12936827460431316,0.8970662498941817,-0.08121188780616723,0.07115502810312363,0.9949841915377453,0.9219983105466125,1.073747674031091,No
num__first_last_same,-0.00601616569256836,0.046346721080336856,-0.1298077955102802,0.896718495177675,-0.09685573901002859,0.08482340762489188,0.9940018951950034,0.907686940505306,1.0885248245405188,No
num__first_touch_repeated,-0.01005048116630383,0.04219802731857884,-0.2381741945050315,0.8117459910696319,-0.09275861471071836,0.0726576523781107,0.9899998561403361,0.9114134755511283,1.0753623261552323,No
num__count_direct_traffic,0.03499322111893592,0.021103551149674705,1.6581674274035778,0.09728367729078191,-0.006369739134426497,0.07635618137229834,1.0356126884805847,0.993650504648549,1.0793469489771175,No
num__count_display_ads,0.03996383061215312,0.018864870161748478,2.1184259562616092,0.034139009559354117,0.0029886850951260993,0.07693897612918013,1.04077312938462,1.0029931556670262,1.079976170055401,Yes
num__count_email,0.029108783251418382,0.02078762871272598,1.4002935906584801,0.16142541936403432,-0.01163496902552454,0.0698525355283613,1.0295365847208289,0.9884324554792371,1.0723500360626248,No
num__count_referral,0.044456512640488215,0.019695223149624547,2.2572230993653757,0.023994137733732934,0.005853875267224105,0.08305915001375233,1.0454595114482512,1.0058710426773243,1.0866060794119488,Yes
num__count_search_ads,0.03524630066606038,0.018681290335235964,1.8867166043439785,0.059198453139793106,-0.001369028391002107,0.07186162972312288,1.0358748140386913,0.9986319083008642,1.0745066539936883,No
num__count_social_media,0.046892541955466265,0.01696015404801176,2.7648653321615013,0.005694629999447809,0.013650640021363215,0.0801344438895693,1.048009385989364,1.0137442354019084,1.083432718792589,Yes
num__prop_direct_traffic,-0.05124229396620836,0.03501152117445793,-1.4635837646377763,0.14330771121669983,-0.1198648754681459,0.01738028753572919,0.9500484516357914,0.8870402895233056,1.0175322035717418,No
num__prop_display_ads,0.05699631098015944,0.034530741424268624,1.65059621164409,0.09882105295794075,-0.010683942211407067,0.12467656417172596,1.0586519050004148,0.9893729283849331,1.132782011521708,No
num__prop_email,0.028670761027970358,0.031371454341397945,0.9139123967911256,0.3607628791506059,-0.03281728948116961,0.09015881153711033,1.0290857235676796,0.9677153552119611,1.0943480650039445,No
num__prop_referral,-0.0007953368213627109,0.03499152482147276,-0.022729413062749632,0.9818661136614171,-0.06937872547144931,0.0677880518287239,0.9992049793751339,0.9329732724177388,1.0701384705488364,No
num__prop_search_ads,-0.04085239856893103,0.039076514336049216,-1.0454463317175533,0.29581673265495656,-0.1174423666675875,0.035737569529725434,0.9599708125569816,0.8891917573538364,1.0363838321036092,No
num__prop_social_media,0.006523230302987081,0.034393509740707255,0.18966457195458472,0.8495719843235932,-0.06088804878879914,0.0739345093947733,1.0065445529086545,0.940928571973152,1.076736287075988,No
num__count_first_half_direct_traffic,0.05199921791171247,0.025777003025510253,2.0172716688690056,0.043667170483463025,0.0014762919817123757,0.10252214384171257,1.0533749186808563,1.0014773822371659,1.107961836169686,Yes
num__count_first_half_display_ads,0.06126357325324092,0.025467368766030597,2.405571373158767,0.016147197459847273,0.011347530471820952,0.1111796160346609,1.0631791028353685,1.0114121579183613,1.1175956269225094,Yes
num__count_first_half_email,-0.003654639086225374,0.026495917113219834,-0.1379321602875159,0.8902940330943974,-0.055586636628136246,0.048277358455685496,0.9963520309791652,0.9459300679287633,1.0494616920360627,No
num__count_first_half_referral,0.04084315633712306,0.026555388155164044,1.5380365031185044,0.1240396897835021,-0.011205404446998468,0.09289171712124458,1.0416887104591466,0.9888571422590448,1.0973429053858001,No
num__count_first_half_search_ads,0.04877448865606443,0.026975177683674013,1.8081248334309898,0.0705870739648673,-0.004096859603936631,0.10164583691606549,1.0499835408399674,0.9959115210766404,1.1069913468246693,No
num__count_first_half_social_media,0.024155673774905795,0.02105950849607088,1.1470198261945463,0.2513734269661465,-0.017120962877393127,0.06543231042720471,1.024449785443143,0.9830247679383232,1.0676204680941965,No
num__count_second_half_direct_traffic,-0.0026166728536455696,0.03371530295870999,-0.07761083614909592,0.9381376223832412,-0.06869866665271715,0.06346532094542601,0.9973867476506686,0.9336079649089397,1.06552253384664,No
num__count_second_half_display_ads,-0.0031090761876773794,0.02780273823688589,-0.11182625830547037,0.9109611669865718,-0.05760244313197373,0.05138429075661896,0.9968957519846783,0.9440251765369254,1.0527273689572247,No
num__count_second_half_email,0.04454691393441027,0.024667622350568123,1.805886003171453,0.07093614785956781,-0.003801625872703246,0.09289545374152379,1.0455540266129115,0.9962055911585539,1.0973470057472146,No
num__count_second_half_referral,0.021797345443131114,0.027321021392727546,0.797823226657743,0.42497308063243455,-0.03175185648661487,0.0753465473728771,1.0220366430990648,0.9687469405256727,1.0782577535371562,No
num__count_second_half_search_ads,0.002568579837751727,0.025601473805613336,0.10032937389676935,0.9200828381422583,-0.047610308821250405,0.052747468496753866,1.0025718814651692,0.953505287286973,1.0541634020348047,No
num__count_second_half_social_media,0.04256641913111578,0.024423534301083346,1.742844365044566,0.08136080437673066,-0.005303708099007577,0.09043654636123913,1.0434853614631012,0.9947103317287763,1.094652045782384,No
cat__first_touch_channel_Direct Traffic,0.09089751404013348,0.019061428564860445,4.768662208650098,1.854533168366146e-06,0.053537114053007005,0.12825791402725994,1.0951567613149618,1.0549961462238897,1.1368461734639816,Yes
cat__first_touch_channel_Display Ads,0.14254032113803042,0.020425567550126443,6.978524380692082,2.9829472225628706e-12,0.10250620873978258,0.18257443353627825,1.1531995783393245,1.1079441808255623,1.2003034904620107,Yes
cat__first_touch_channel_Email,0.1421875772473521,0.02010307809976163,7.07292567544858,1.5170087408478139e-12,0.1027855441718193,0.1815896103228849,1.1527928659702014,1.1082537121215024,1.1991219856036852,Yes
cat__first_touch_channel_Referral,0.13521630917376076,0.01934425203221999,6.98999935218705,2.7489122089718876e-12,0.09730157519060958,0.17313104315691194,1.1447843849356498,1.1021927174840236,1.1890219080598219,Yes
cat__first_touch_channel_Search Ads,0.12284015185277818,0.022259070137959264,5.518656039602214,3.4160206885403e-08,0.07921237438237802,0.16646792932317833,1.130703665615166,1.082434178951814,1.1811256557637648,Yes
cat__first_touch_channel_Social Media,0.11529477866221875,0.019173481750838148,6.01324163031468,1.8184966865675278e-09,0.07771475443057599,0.15287480289386152,1.1222041906701274,1.0808143172003033,1.1651790927601178,Yes
cat__last_touch_channel_Direct Traffic,0.11789628591928303,0.020288906211759983,5.810874410319234,6.21473739137457e-09,0.07813002974423347,0.1576625420943326,1.1251274137604468,1.0812632459129385,1.1707710420938515,Yes
cat__last_touch_channel_Display Ads,0.1320811888170175,0.021611030200637916,6.111748842640492,9.854519422702879e-10,0.08972356962376718,0.17443880801026782,1.1412009682627455,1.0938718624974313,1.1905778863261383,Yes
cat__last_touch_channel_Email,0.14324936192752694,0.019671914788041554,7.281922653233909,3.290701044988964e-13,0.1046924089429655,0.18180631491208837,1.1540175338264311,1.1103690182430392,1.1993818689989255,Yes
cat__last_touch_channel_Referral,0.12575567808256785,0.018829460364203653,6.678666071686244,2.411271182722885e-11,0.08884993576872868,0.16266142039640702,1.1340050721404697,1.0929166363249965,1.1766382365305206,Yes
cat__last_touch_channel_Search Ads,0.11354967449588439,0.02371496505729573,4.788102121236383,1.6836597209746174e-06,0.06706834298358476,0.16003100600818404,1.1202475352418457,1.0693685595151823,1.1735472574435766,Yes
cat__last_touch_channel_Social Media,0.11644446287199386,0.02331583677988378,4.9942219089669875,5.907344353683897e-07,0.07074542278342166,0.16214350296056607,1.1234951130426258,1.073307951334316,1.1760289928547238,Yes
cat__second_touch_channel_Direct Traffic,0.12395825478932691,0.028253373684276304,4.387378872856969,1.1472484633845426e-05,0.06858164236814536,0.17933486721050845,1.1319686157445021,1.0709880593831773,1.1964213193641993,Yes
cat__second_touch_channel_Display Ads,0.10802517710776963,0.031418414517623665,3.438275889038723,0.0005854309078476838,0.04644508465322725,0.169605269562312,1.1140757942397068,1.0475405514363327,1.1848370677478912,Yes
cat__second_touch_channel_Email,0.1240763628009877,0.029313047545677907,4.232803245982599,2.3079640562917447e-05,0.06662278961145901,0.1815299359905164,1.1321023182024805,1.0688922048760334,1.1990504309347756,Yes
cat__second_touch_channel_None,0.056018730841233495,0.013202218582185479,4.243130083971101,2.2042357663565326e-05,0.03014238242014996,0.08189507926231704,1.0576174936164415,1.0306012630094867,1.0853419289795954,Yes
cat__second_touch_channel_Referral,0.10573624188059988,0.02706497971141549,3.906754891672886,9.354395828786721e-05,0.052688881646225524,0.15878360211497422,1.11152866312968,1.0541016437302673,1.1720842826756874,Yes
cat__second_touch_channel_Search Ads,0.08711956151335794,0.027265261706356184,3.1952585840409626,0.001397056078149106,0.033679648568899816,0.14055947445781605,1.0910271167736925,1.0342532291502329,1.1509175277253214,Yes
cat__second_touch_channel_Social Media,0.14404232318099822,0.028539042943627538,5.047202299864135,4.483265689803062e-07,0.08810579901148824,0.1999788473505082,1.1549329879284294,1.0921036594038271,1.2213769225289852,Yes
cat__penultimate_touch_channel_Direct Traffic,0.14125242807452065,0.021463712280824505,6.580987772591154,4.673328390936149e-11,0.09918355200410461,0.1833213041449367,1.151715336579028,1.104268971740704,1.2012002967179363,Yes
cat__penultimate_touch_channel_Display Ads,0.12198961381674243,0.02438563355764812,5.002519763464688,5.658577884037896e-07,0.07419377204375213,0.16978545558973274,1.1297423680081162,1.0770154807687111,1.18505057806748,Yes
cat__penultimate_touch_channel_Email,0.12527869581882045,0.029232663907686307,4.285572338341708,1.8226932535503337e-05,0.06798267455975529,0.1825747170778856,1.1334643008134777,1.0703467640892277,1.20030383079804,Yes
cat__penultimate_touch_channel_None,0.056018730841233495,0.013202218582185479,4.243130083971101,2.2042357663565326e-05,0.03014238242014996,0.08189507926231704,1.0576174936164415,1.0306012630094867,1.0853419289795954,Yes
cat__penultimate_touch_channel_Referral,0.11368772890253909,0.030311966824174662,3.7505889855972616,0.00017641968121928642,0.054276273927156754,0.17309918387792142,1.1204022010265309,1.0557762453160167,1.1889840272825576,Yes
cat__penultimate_touch_channel_Search Ads,0.06231180957494284,0.03304345009364606,1.8857537393446941,0.05932814747298698,-0.0024533526086034374,0.12707697175848912,1.0642941501018566,0.9975496544013197,1.135504416189525,No
cat__penultimate_touch_channel_Social Media,0.12843764508547492,0.02628424680714994,4.886487561459696,1.0265080945259797e-06,0.07692052134346103,0.17995476882748881,1.137050518392781,1.0799562395105082,1.1971632128013758,Yes
cat__first_touch_campaign_-,0.22898497196212458,0.03607549613433526,6.347382475613013,2.1900925517570613e-10,0.15827699953882748,0.2996929443854217,1.2573231437680341,1.1714906521386985,1.3494443894782069,Yes
cat__first_touch_campaign_Brand Awareness,0.16048022607282866,0.03223911801668873,4.977810682964568,6.430750851826872e-07,0.09729155476011875,0.22366889738553858,1.1740745568462976,1.1021816730938454,1.2506568551121804,Yes
cat__first_touch_campaign_Discount Offer,0.10689524579919091,0.037889134672115826,2.821263845802726,0.004783484225202361,0.03263254184184389,0.18115794975653793,1.1128176760470914,1.0331708224330867,1.1986044836288936,Yes
cat__first_touch_campaign_New Product Launch,0.09821836970933638,0.040655236641791125,2.4158848360600573,0.015697025171065082,0.018534105891425776,0.177902633527247,1.1032036650707873,1.0187069284849934,1.194708990971142,Yes
cat__first_touch_campaign_Retargeting,0.06577861017170088,0.03658755768823506,1.7978409691131794,0.07220221291469486,-0.005933002897239831,0.13749022324064158,1.0679902488133053,0.9940845626085486,1.1473904881565424,No
cat__first_touch_campaign_Winter Sale,0.0886192283990923,0.03389554751259899,2.6144799214750107,0.008936341281553295,0.022183955274398273,0.1550545015237863,1.0926645214860922,1.0224318489035042,1.167721601977513,Yes
cat__last_touch_campaign_-,0.20821436784702,0.034300258165224834,6.07034404359432,1.2763652357250521e-09,0.14098586184317932,0.27544287385086064,1.2314771303565908,1.151408369077581,1.31711386100679,Yes
cat__last_touch_campaign_Brand Awareness,0.12736776411173867,0.02933117970659309,4.34240168264043,1.4093355962474519e-05,0.06987865188681622,0.18485687633666112,1.135834660204724,1.0723780423062648,1.203046243419753,Yes
cat__last_touch_campaign_Discount Offer,0.11919436131418946,0.03759485944255188,3.1704962614989562,0.0015217879101185883,0.04550843680678779,0.19288028582159114,1.1265888623023688,1.046559834199815,1.2127376029428458,Yes
cat__last_touch_campaign_New Product Launch,0.08267595501483917,0.03854152101681873,2.1451139662796668,0.03194373604372558,0.0071345738218744625,0.15821733620780387,1.0861897771640932,1.007160085529315,1.1714207591891728,Yes
cat__last_touch_campaign_Retargeting,0.0724456506798979,0.03448621268734079,2.1007134455936147,0.03566612831648541,0.004852673812709957,0.14003862754708585,1.075134371680115,1.0048644671028897,1.1503182319707197,Yes
cat__last_touch_campaign_Winter Sale,0.1390785531465889,0.030949423484106054,4.493736473573154,6.99842259810346e-06,0.07841768311774103,0.19973942317543678,1.1492143708629652,1.0815743196718381,1.2210845303711297,Yes
cat__most_frequent_channel_Direct Traffic,0.21337943514890426,0.02390292868308788,8.926915943144547,0.0,0.166529694930052,0.26022917536775647,1.237854247558037,1.181198610959725,1.2972273451561989,Yes
cat__most_frequent_channel_Display Ads,0.17054659323087273,0.024480027909147047,6.966764656634538,3.2431834995350073e-12,0.12256573852894452,0.21852744793280093,1.1859529080241868,1.1303934280326238,1.244243168061336,Yes
cat__most_frequent_channel_Email,0.1273388930238633,0.02997556727288534,4.248089514524344,2.156012519605177e-05,0.06858678116900804,0.18609100487871857,1.1358018678958144,1.0709935629916816,1.2045318736669577,Yes
cat__most_frequent_channel_Referral,0.10233886530939125,0.02857104998394277,3.5819077481193995,0.00034109424945460987,0.046339607340863426,0.15833812327791907,1.1077587891581322,1.0474300655013573,1.1715622602161226,Yes
cat__most_frequent_channel_Search Ads,0.07121046461158942,0.024091260328992403,2.955862982639055,0.0031179557026228544,0.02399159436676431,0.11842933485641452,1.0738072005030672,1.0242817081180677,1.1257273216084047,Yes
cat__most_frequent_channel_Social Media,0.0641624007896528,0.019729240619294777,3.2521475117954277,0.0011453656236704024,0.02549308917583503,0.10283171240347055,1.0662655470682372,1.0258208169786571,1.1083048794167545,Yes
