model,analysis_level,feature_set,n_raw_features,n_encoded_features,n_folds,n_repeats,cv_c_value,cv_hyperparameter_strategy,mean_fold_roc_auc,std_fold_roc_auc,median_fold_roc_auc,min_fold_roc_auc,max_fold_roc_auc,mean_fold_pr_auc,std_fold_pr_auc,oof_roc_auc,oof_roc_auc_ci_lower,oof_roc_auc_ci_upper,oof_pr_auc,oof_pr_auc_ci_lower,oof_pr_auc_ci_upper,positive_prevalence,pr_auc_baseline,oof_pr_auc_improvement_over_baseline,bootstrap_unit,bootstrap_iterations,ci_method,modeling_scope,uses_full_journey_features,contains_post_outcome_temporal_features,contains_direct_target_leakage
row_channel,touchpoint,row_channel_presence,5,5,50,10,1.0,fixed_predefined,0.4916757526784314,0.01045653112229888,0.4926423597255268,0.46121041429965914,0.5151578340979259,0.48838530786099177,0.006569707701185934,0.4800701399983614,0.46905061089761135,0.4909640068517324,0.4765223228909862,0.46296151715199774,0.48960439114294907,0.4944,0.4944,-0.01787767710901378,touchpoint,2000,percentile_bootstrap_on_aggregated_oof_predictions,retrospective_diagnostic,false,false,false
user_any_channel,user,channel_presence_only,6,6,50,10,1.0,fixed_predefined,0.7631871778350658,0.024202887994357103,0.7618765248034698,0.7131038524830369,0.8195649227432906,0.9382443970148064,0.007726566344875055,0.7580641091040841,0.7352677172552541,0.7805963869435726,0.9376963693977475,0.9280478926102654,0.9468824018748165,0.8363189322093432,0.8363189322093432,0.1013774371884043,user,2000,percentile_bootstrap_on_aggregated_oof_predictions,retrospective_diagnostic,false,false,false
journey_length_only,user,journey_length_only,1,1,50,10,1.0,fixed_predefined,0.7834709976547478,0.022396889748061817,0.7810156320592753,0.7266743310565587,0.8295608566007048,0.9353930598383886,0.006568101392888853,0.7697517723465275,0.7474437651284278,0.7922292595763593,0.9419973145700999,0.9326948962344687,0.9510094964243228,0.8363189322093432,0.8363189322093432,0.10567838236075677,user,2000,percentile_bootstrap_on_aggregated_oof_predictions,retrospective_diagnostic,false,true,false
channel_plus_length,user,channel_presence_plus_length,7,7,50,10,1.0,fixed_predefined,0.787089483310767,0.023407170869945218,0.7848784675160387,0.732760758323753,0.8422449625011295,0.9466990131860851,0.0067130099210201116,0.784535296418535,0.7626238185003684,0.8059264721587525,0.9466286188989401,0.9380426419850427,0.9547317007569281,0.8363189322093432,0.8363189322093432,0.11030968668959695,user,2000,percentile_bootstrap_on_aggregated_oof_predictions,retrospective_diagnostic,false,true,false
enhanced_journey_logistic,user,full_enhanced_features,51,88,50,10,1.0,fixed_predefined,0.7599471870709295,0.026279772738145468,0.7548368437792377,0.6869660287189198,0.8092414385108881,0.9376453770875228,0.007875900010973496,0.7608120798957411,0.7378243723969876,0.7838394358275778,0.9377782993916103,0.9279234260401944,0.9474553799939698,0.8363189322093432,0.8363189322093432,0.10145936718226711,user,2000,percentile_bootstrap_on_aggregated_oof_predictions,retrospective_diagnostic,true,true,false
enhanced_journey_logistic_balanced,user,full_enhanced_features_balanced,51,88,50,10,1.0,fixed_predefined,0.7573910329165358,0.026395925360985163,0.7514539798471631,0.6801018913009176,0.810709767778079,0.9367307412303536,0.007940484115504725,0.7589969230658306,0.7358165124529306,0.7818540152696404,0.9369291834829945,0.9270962053202654,0.9466392403685734,0.8363189322093432,0.8363189322093432,0.10061025127365131,user,2000,percentile_bootstrap_on_aggregated_oof_predictions,retrospective_diagnostic,true,true,false
random_forest,user,full_enhanced_features,51,88,50,10,not_applicable,not_applicable,0.7117248290194206,0.026995922621960645,0.7129607934457242,0.6513153445594102,0.7624582090900877,0.9171850142815385,0.011211242160270292,0.7240812909063707,0.6989354099918761,0.7477468716515069,0.9260094618852186,0.9146821918163668,0.9370483323520659,0.8363189322093432,0.8363189322093432,0.08969052967587543,user,2000,percentile_bootstrap_on_aggregated_oof_predictions,retrospective_diagnostic,true,true,false
extra_trees,user,full_enhanced_features,51,88,50,10,not_applicable,not_applicable,0.6797382352066568,0.03136686267689739,0.6826658082587874,0.6140552995391705,0.7295337489834643,0.8969417986110129,0.01289340103268927,0.6959972817711028,0.6693517961728845,0.7221740895381026,0.9047213664417144,0.8894428348715053,0.9200381860477365,0.8363189322093432,0.8363189322093432,0.06840243423237125,user,2000,percentile_bootstrap_on_aggregated_oof_predictions,retrospective_diagnostic,true,true,false
gradient_boosting,user,full_enhanced_features,51,88,50,10,not_applicable,not_applicable,0.7364003271883395,0.024671771078070504,0.7384679678322942,0.666069295101553,0.7863355019427126,0.9320918074752075,0.007949510735393576,0.7417898852323384,0.7183949322256422,0.7649859454218462,0.9337630403845042,0.9235132326128747,0.9438704095673246,0.8363189322093432,0.8363189322093432,0.09744410817516103,user,2000,percentile_bootstrap_on_aggregated_oof_predictions,retrospective_diagnostic,true,true,false
